id,person_id,game_id,team_id,minute,offset,score1,score2,penalty,owngoal,created_at,updated_at
1,1,803,154,11,0,0,1,f,t,"2017-12-28 04:32:31.267482","2017-12-28 04:32:31.267482"
2,2,803,211,29,0,1,1,f,f,"2017-12-28 04:32:31.272041","2017-12-28 04:32:31.272041"
3,2,803,211,71,0,2,1,t,f,"2017-12-28 04:32:31.274743","2017-12-28 04:32:31.274743"
4,3,803,211,90,1,3,1,f,f,"2017-12-28 04:32:31.281152","2017-12-28 04:32:31.281152"
5,4,804,190,61,0,1,0,f,f,"2017-12-28 04:32:31.302528","2017-12-28 04:32:31.302528"
6,5,806,154,11,0,0,1,f,f,"2017-12-28 04:32:31.333184","2017-12-28 04:32:31.333184"
7,6,806,154,48,0,0,2,f,f,"2017-12-28 04:32:31.337182","2017-12-28 04:32:31.337182"
8,7,806,154,61,0,0,3,f,f,"2017-12-28 04:32:31.340689","2017-12-28 04:32:31.340689"
9,7,806,154,73,0,0,4,f,f,"2017-12-28 04:32:31.342638","2017-12-28 04:32:31.342638"
10,2,807,211,17,0,0,1,f,f,"2017-12-28 04:32:31.363445","2017-12-28 04:32:31.363445"
11,8,807,22,26,0,1,1,f,f,"2017-12-28 04:32:31.368547","2017-12-28 04:32:31.368547"
12,2,807,211,35,0,1,2,f,f,"2017-12-28 04:32:31.370257","2017-12-28 04:32:31.370257"
13,9,807,211,49,0,1,3,f,f,"2017-12-28 04:32:31.374206","2017-12-28 04:32:31.374206"
14,10,807,211,84,0,1,4,f,f,"2017-12-28 04:32:31.379229","2017-12-28 04:32:31.379229"
15,11,808,190,72,0,0,1,f,f,"2017-12-28 04:32:31.400232","2017-12-28 04:32:31.400232"
16,12,808,190,75,0,0,2,f,f,"2017-12-28 04:32:31.404224","2017-12-28 04:32:31.404224"
17,13,808,190,82,0,0,3,f,f,"2017-12-28 04:32:31.408049","2017-12-28 04:32:31.408049"
18,6,808,154,87,0,1,3,f,f,"2017-12-28 04:32:31.410606","2017-12-28 04:32:31.410606"
19,14,809,129,27,0,1,0,t,f,"2017-12-28 04:32:31.433038","2017-12-28 04:32:31.433038"
20,15,809,137,44,0,1,1,f,f,"2017-12-28 04:32:31.437012","2017-12-28 04:32:31.437012"
21,16,809,137,53,0,1,2,f,f,"2017-12-28 04:32:31.440587","2017-12-28 04:32:31.440587"
22,17,809,137,65,0,1,3,f,f,"2017-12-28 04:32:31.445974","2017-12-28 04:32:31.445974"
23,15,809,137,72,0,1,4,f,f,"2017-12-28 04:32:31.450432","2017-12-28 04:32:31.450432"
24,16,809,137,80,0,1,5,f,f,"2017-12-28 04:32:31.452897","2017-12-28 04:32:31.452897"
25,18,810,212,12,0,1,0,f,f,"2017-12-28 04:32:31.470523","2017-12-28 04:32:31.470523"
26,19,810,212,14,0,2,0,f,f,"2017-12-28 04:32:31.474803","2017-12-28 04:32:31.474803"
27,20,810,193,35,0,2,1,f,f,"2017-12-28 04:32:31.479285","2017-12-28 04:32:31.479285"
28,21,810,212,90,2,3,1,f,f,"2017-12-28 04:32:31.486639","2017-12-28 04:32:31.486639"
29,22,811,212,20,0,0,1,f,f,"2017-12-28 04:32:31.509745","2017-12-28 04:32:31.509745"
30,23,811,212,43,0,0,2,f,f,"2017-12-28 04:32:31.517162","2017-12-28 04:32:31.517162"
31,16,812,137,20,0,0,1,f,f,"2017-12-28 04:32:31.537259","2017-12-28 04:32:31.537259"
32,24,812,193,21,0,1,1,f,f,"2017-12-28 04:32:31.543346","2017-12-28 04:32:31.543346"
33,25,812,193,54,0,2,1,t,f,"2017-12-28 04:32:31.555334","2017-12-28 04:32:31.555334"
34,15,812,137,58,0,2,2,f,f,"2017-12-28 04:32:31.558483","2017-12-28 04:32:31.558483"
35,26,812,137,68,0,2,3,f,f,"2017-12-28 04:32:31.570000","2017-12-28 04:32:31.570000"
36,27,813,129,36,0,0,1,f,f,"2017-12-28 04:32:31.594815","2017-12-28 04:32:31.594815"
37,28,813,129,69,0,0,2,f,f,"2017-12-28 04:32:31.600509","2017-12-28 04:32:31.600509"
38,29,813,129,82,0,0,3,f,f,"2017-12-28 04:32:31.609295","2017-12-28 04:32:31.609295"
39,30,814,137,77,0,1,0,f,f,"2017-12-28 04:32:31.629006","2017-12-28 04:32:31.629006"
40,26,814,137,90,2,2,0,f,f,"2017-12-28 04:32:31.632245","2017-12-28 04:32:31.632245"
41,31,815,215,5,0,1,0,f,f,"2017-12-28 04:32:31.653031","2017-12-28 04:32:31.653031"
42,32,815,215,58,0,2,0,f,f,"2017-12-28 04:32:31.656478","2017-12-28 04:32:31.656478"
43,33,815,215,90,3,3,0,f,f,"2017-12-28 04:32:31.660944","2017-12-28 04:32:31.660944"
44,34,816,72,16,0,0,1,f,f,"2017-12-28 04:32:31.679048","2017-12-28 04:32:31.679048"
45,35,816,17,64,0,1,1,f,f,"2017-12-28 04:32:31.686185","2017-12-28 04:32:31.686185"
46,36,816,17,66,0,2,1,f,f,"2017-12-28 04:32:31.689859","2017-12-28 04:32:31.689859"
47,33,817,215,64,0,1,0,f,f,"2017-12-28 04:32:31.706242","2017-12-28 04:32:31.706242"
48,37,817,215,70,0,2,0,f,f,"2017-12-28 04:32:31.710531","2017-12-28 04:32:31.710531"
49,36,817,17,73,0,2,1,f,f,"2017-12-28 04:32:31.712389","2017-12-28 04:32:31.712389"
50,38,819,215,17,0,0,1,t,f,"2017-12-28 04:32:31.738682","2017-12-28 04:32:31.738682"
51,39,819,72,45,1,1,1,f,f,"2017-12-28 04:32:31.742981","2017-12-28 04:32:31.742981"
52,40,819,215,55,0,1,2,f,f,"2017-12-28 04:32:31.746853","2017-12-28 04:32:31.746853"
53,40,819,215,82,0,1,3,f,f,"2017-12-28 04:32:31.749527","2017-12-28 04:32:31.749527"
54,33,819,215,90,0,1,4,f,f,"2017-12-28 04:32:31.751243","2017-12-28 04:32:31.751243"
55,41,820,132,42,0,1,0,f,f,"2017-12-28 04:32:31.766870","2017-12-28 04:32:31.766870"
56,35,820,17,74,0,1,1,f,f,"2017-12-28 04:32:31.768646","2017-12-28 04:32:31.768646"
57,42,820,132,90,3,2,1,t,f,"2017-12-28 04:32:31.774641","2017-12-28 04:32:31.774641"
58,43,821,214,24,0,1,0,t,f,"2017-12-28 04:32:31.791031","2017-12-28 04:32:31.791031"
59,44,821,118,54,0,1,1,f,f,"2017-12-28 04:32:31.795170","2017-12-28 04:32:31.795170"
60,45,821,118,57,0,1,2,f,f,"2017-12-28 04:32:31.798738","2017-12-28 04:32:31.798738"
61,46,821,118,84,0,1,3,f,f,"2017-12-28 04:32:31.802260","2017-12-28 04:32:31.802260"
62,47,822,134,35,0,0,1,f,f,"2017-12-28 04:32:31.819198","2017-12-28 04:32:31.819198"
63,48,822,170,37,0,1,1,f,f,"2017-12-28 04:32:31.822659","2017-12-28 04:32:31.822659"
64,49,822,134,50,0,1,2,f,f,"2017-12-28 04:32:31.826703","2017-12-28 04:32:31.826703"
65,50,823,214,39,0,1,0,f,f,"2017-12-28 04:32:31.842491","2017-12-28 04:32:31.842491"
66,51,823,170,75,0,1,1,f,f,"2017-12-28 04:32:31.846223","2017-12-28 04:32:31.846223"
67,50,823,214,85,0,2,1,f,f,"2017-12-28 04:32:31.849138","2017-12-28 04:32:31.849138"
68,52,824,118,44,0,0,1,f,f,"2017-12-28 04:32:31.862712","2017-12-28 04:32:31.862712"
69,53,825,214,81,0,0,1,f,f,"2017-12-28 04:32:31.877135","2017-12-28 04:32:31.877135"
70,54,827,216,22,0,0,1,f,f,"2017-12-28 04:32:31.905446","2017-12-28 04:32:31.905446"
71,55,827,153,48,0,1,1,f,f,"2017-12-28 04:32:31.908960","2017-12-28 04:32:31.908960"
72,56,827,153,90,3,2,1,f,f,"2017-12-28 04:32:31.912796","2017-12-28 04:32:31.912796"
73,57,828,131,45,0,1,0,t,f,"2017-12-28 04:32:31.928776","2017-12-28 04:32:31.928776"
74,58,828,131,48,0,2,0,f,t,"2017-12-28 04:32:31.932432","2017-12-28 04:32:31.932432"
75,57,828,131,72,0,3,0,f,f,"2017-12-28 04:32:31.934195","2017-12-28 04:32:31.934195"
76,59,829,131,17,0,0,1,f,f,"2017-12-28 04:32:31.953235","2017-12-28 04:32:31.953235"
77,60,829,131,18,0,0,2,f,f,"2017-12-28 04:32:31.956812","2017-12-28 04:32:31.956812"
78,61,829,131,40,0,0,3,f,f,"2017-12-28 04:32:31.960989","2017-12-28 04:32:31.960989"
79,57,829,131,67,0,0,4,f,f,"2017-12-28 04:32:31.962980","2017-12-28 04:32:31.962980"
80,62,829,131,73,0,0,5,f,f,"2017-12-28 04:32:31.966790","2017-12-28 04:32:31.966790"
81,63,829,153,81,0,1,5,f,f,"2017-12-28 04:32:31.971616","2017-12-28 04:32:31.971616"
82,64,829,153,87,0,2,5,f,f,"2017-12-28 04:32:31.975143","2017-12-28 04:32:31.975143"
83,65,830,117,31,0,1,0,f,f,"2017-12-28 04:32:32.007586","2017-12-28 04:32:32.007586"
84,54,830,216,34,0,1,1,f,f,"2017-12-28 04:32:32.011207","2017-12-28 04:32:32.011207"
85,54,830,216,65,0,1,2,f,f,"2017-12-28 04:32:32.015579","2017-12-28 04:32:32.015579"
86,66,831,153,6,0,0,1,f,f,"2017-12-28 04:32:32.042985","2017-12-28 04:32:32.042985"
87,66,831,153,31,0,0,2,f,f,"2017-12-28 04:32:32.045258","2017-12-28 04:32:32.045258"
88,66,831,153,71,0,0,3,f,f,"2017-12-28 04:32:32.052830","2017-12-28 04:32:32.052830"
89,67,833,210,3,0,1,0,f,t,"2017-12-28 04:32:32.089166","2017-12-28 04:32:32.089166"
90,68,833,210,65,0,2,0,f,f,"2017-12-28 04:32:32.093035","2017-12-28 04:32:32.093035"
91,69,833,162,85,0,2,1,f,f,"2017-12-28 04:32:32.100593","2017-12-28 04:32:32.100593"
92,68,835,210,90,0,1,0,f,f,"2017-12-28 04:32:32.128358","2017-12-28 04:32:32.128358"
93,70,836,20,29,0,1,0,f,f,"2017-12-28 04:32:32.146851","2017-12-28 04:32:32.146851"
94,68,837,210,3,0,0,1,f,f,"2017-12-28 04:32:32.170332","2017-12-28 04:32:32.170332"
95,71,837,20,4,0,1,1,f,f,"2017-12-28 04:32:32.173920","2017-12-28 04:32:32.173920"
96,68,837,210,45,1,1,2,f,f,"2017-12-28 04:32:32.175565","2017-12-28 04:32:32.175565"
97,71,837,20,47,0,2,2,f,f,"2017-12-28 04:32:32.178506","2017-12-28 04:32:32.178506"
98,72,837,210,50,0,2,3,f,f,"2017-12-28 04:32:32.186011","2017-12-28 04:32:32.186011"
99,73,838,162,23,0,1,0,f,f,"2017-12-28 04:32:32.210772","2017-12-28 04:32:32.210772"
100,74,838,162,59,0,2,0,f,f,"2017-12-28 04:32:32.217267","2017-12-28 04:32:32.217267"
101,75,838,178,82,0,2,1,f,f,"2017-12-28 04:32:32.222501","2017-12-28 04:32:32.222501"
102,76,838,162,83,0,3,1,f,f,"2017-12-28 04:32:32.227299","2017-12-28 04:32:32.227299"
103,77,839,127,12,0,1,0,t,f,"2017-12-28 04:32:32.245339","2017-12-28 04:32:32.245339"
104,78,839,127,32,0,2,0,f,f,"2017-12-28 04:32:32.250735","2017-12-28 04:32:32.250735"
105,77,839,127,45,1,3,0,f,f,"2017-12-28 04:32:32.252893","2017-12-28 04:32:32.252893"
106,77,839,127,78,0,4,0,f,f,"2017-12-28 04:32:32.255894","2017-12-28 04:32:32.255894"
107,79,840,191,1,0,0,1,f,f,"2017-12-28 04:32:32.277477","2017-12-28 04:32:32.277477"
108,80,840,18,82,0,1,1,f,f,"2017-12-28 04:32:32.282949","2017-12-28 04:32:32.282949"
109,81,840,191,86,0,1,2,f,f,"2017-12-28 04:32:32.288189","2017-12-28 04:32:32.288189"
110,82,841,127,51,0,1,0,f,f,"2017-12-28 04:32:32.306255","2017-12-28 04:32:32.306255"
111,80,841,18,54,0,1,1,f,f,"2017-12-28 04:32:32.307936","2017-12-28 04:32:32.307936"
112,83,841,18,63,0,1,2,f,f,"2017-12-28 04:32:32.311960","2017-12-28 04:32:32.311960"
113,84,841,127,71,0,2,2,f,f,"2017-12-28 04:32:32.316395","2017-12-28 04:32:32.316395"
114,85,842,138,5,0,0,1,f,f,"2017-12-28 04:32:32.334180","2017-12-28 04:32:32.334180"
115,86,842,191,64,0,1,1,f,f,"2017-12-28 04:32:32.337691","2017-12-28 04:32:32.337691"
116,79,842,191,81,0,2,1,f,f,"2017-12-28 04:32:32.339442","2017-12-28 04:32:32.339442"
117,87,842,138,90,5,2,2,f,f,"2017-12-28 04:32:32.342992","2017-12-28 04:32:32.342992"
118,77,843,127,55,0,0,1,f,f,"2017-12-28 04:32:32.356260","2017-12-28 04:32:32.356260"
119,88,844,138,31,0,1,0,f,t,"2017-12-28 04:32:32.372042","2017-12-28 04:32:32.372042"
120,83,844,18,57,0,1,1,f,f,"2017-12-28 04:32:32.373685","2017-12-28 04:32:32.373685"
121,89,844,138,80,0,2,1,f,f,"2017-12-28 04:32:32.377096","2017-12-28 04:32:32.377096"
122,90,845,1,25,0,0,1,t,f,"2017-12-28 04:32:32.393660","2017-12-28 04:32:32.393660"
123,91,845,125,70,0,1,1,f,f,"2017-12-28 04:32:32.397372","2017-12-28 04:32:32.397372"
124,92,845,125,80,0,2,1,f,f,"2017-12-28 04:32:32.400862","2017-12-28 04:32:32.400862"
125,93,846,74,68,0,0,1,f,f,"2017-12-28 04:32:32.415035","2017-12-28 04:32:32.415035"
126,94,846,156,74,0,1,1,f,f,"2017-12-28 04:32:32.419653","2017-12-28 04:32:32.419653"
127,95,847,125,88,0,1,0,f,f,"2017-12-28 04:32:32.434321","2017-12-28 04:32:32.434321"
128,96,848,1,26,0,0,1,f,f,"2017-12-28 04:32:32.455303","2017-12-28 04:32:32.455303"
129,97,848,1,28,0,0,2,f,f,"2017-12-28 04:32:32.458849","2017-12-28 04:32:32.458849"
130,98,848,1,38,0,0,3,f,f,"2017-12-28 04:32:32.463298","2017-12-28 04:32:32.463298"
131,99,848,74,50,0,1,3,f,f,"2017-12-28 04:32:32.468200","2017-12-28 04:32:32.468200"
132,100,848,1,62,0,1,4,f,f,"2017-12-28 04:32:32.471797","2017-12-28 04:32:32.471797"
133,101,848,74,72,0,2,4,f,f,"2017-12-28 04:32:32.475293","2017-12-28 04:32:32.475293"
134,102,849,125,78,0,0,1,f,f,"2017-12-28 04:32:32.492014","2017-12-28 04:32:32.492014"
135,103,850,156,6,0,0,1,f,f,"2017-12-28 04:32:32.508389","2017-12-28 04:32:32.508389"
136,96,850,1,60,0,1,1,f,f,"2017-12-28 04:32:32.510351","2017-12-28 04:32:32.510351"
137,104,851,211,18,0,1,0,f,f,"2017-12-28 04:32:32.543659","2017-12-28 04:32:32.543659"
138,18,851,212,32,0,1,1,f,f,"2017-12-28 04:32:32.545515","2017-12-28 04:32:32.545515"
139,33,852,215,28,0,1,0,f,f,"2017-12-28 04:32:32.559464","2017-12-28 04:32:32.559464"
140,33,852,215,50,0,2,0,f,f,"2017-12-28 04:32:32.561595","2017-12-28 04:32:32.561595"
141,105,853,190,48,0,0,1,f,f,"2017-12-28 04:32:32.577243","2017-12-28 04:32:32.577243"
142,106,853,137,88,0,1,1,f,f,"2017-12-28 04:32:32.582791","2017-12-28 04:32:32.582791"
143,107,853,137,90,0,2,1,f,f,"2017-12-28 04:32:32.587410","2017-12-28 04:32:32.587410"
144,52,854,118,52,0,1,0,f,f,"2017-12-28 04:32:32.599451","2017-12-28 04:32:32.599451"
145,108,854,132,90,0,1,1,f,f,"2017-12-28 04:32:32.603244","2017-12-28 04:32:32.603244"
146,109,855,131,79,0,1,0,f,f,"2017-12-28 04:32:32.621149","2017-12-28 04:32:32.621149"
147,110,855,131,90,2,2,0,f,t,"2017-12-28 04:32:32.626884","2017-12-28 04:32:32.626884"
148,111,856,127,92,0,1,0,f,f,"2017-12-28 04:32:32.644813","2017-12-28 04:32:32.644813"
149,112,856,127,120,0,2,0,f,f,"2017-12-28 04:32:32.648392","2017-12-28 04:32:32.648392"
150,98,856,1,121,0,2,1,f,f,"2017-12-28 04:32:32.650869","2017-12-28 04:32:32.650869"
151,113,857,210,118,0,1,0,f,f,"2017-12-28 04:32:32.663363","2017-12-28 04:32:32.663363"
152,114,858,125,93,0,1,0,f,f,"2017-12-28 04:32:32.676213","2017-12-28 04:32:32.676213"
153,115,858,125,105,0,2,0,f,f,"2017-12-28 04:32:32.679823","2017-12-28 04:32:32.679823"
154,116,858,191,107,0,2,1,f,f,"2017-12-28 04:32:32.684480","2017-12-28 04:32:32.684480"
155,117,859,211,7,0,1,0,f,f,"2017-12-28 04:32:32.699672","2017-12-28 04:32:32.699672"
156,104,859,211,69,0,2,0,f,f,"2017-12-28 04:32:32.701362","2017-12-28 04:32:32.701362"
157,33,859,215,80,0,2,1,t,f,"2017-12-28 04:32:32.703382","2017-12-28 04:32:32.703382"
158,78,860,127,13,0,0,1,f,f,"2017-12-28 04:32:32.713515","2017-12-28 04:32:32.713515"
159,118,862,210,8,0,1,0,f,f,"2017-12-28 04:32:32.731225","2017-12-28 04:32:32.731225"
160,77,863,127,11,0,0,1,f,f,"2017-12-28 04:32:32.747221","2017-12-28 04:32:32.747221"
161,84,863,127,23,0,0,2,f,f,"2017-12-28 04:32:32.749376","2017-12-28 04:32:32.749376"
162,119,863,127,24,0,0,3,f,f,"2017-12-28 04:32:32.752878","2017-12-28 04:32:32.752878"
163,119,863,127,26,0,0,4,f,f,"2017-12-28 04:32:32.754514","2017-12-28 04:32:32.754514"
164,120,863,127,29,0,0,5,f,f,"2017-12-28 04:32:32.758229","2017-12-28 04:32:32.758229"
165,121,863,127,69,0,0,6,f,f,"2017-12-28 04:32:32.762025","2017-12-28 04:32:32.762025"
166,121,863,127,79,0,0,7,f,f,"2017-12-28 04:32:32.764029","2017-12-28 04:32:32.764029"
167,3,863,211,90,0,1,7,f,f,"2017-12-28 04:32:32.765704","2017-12-28 04:32:32.765704"
168,15,865,137,3,0,0,1,t,f,"2017-12-28 04:32:32.785312","2017-12-28 04:32:32.785312"
169,122,865,137,17,0,0,2,f,f,"2017-12-28 04:32:32.788832","2017-12-28 04:32:32.788832"
170,123,865,137,90,1,0,3,f,f,"2017-12-28 04:32:32.792099","2017-12-28 04:32:32.792099"
171,82,866,127,113,0,1,0,f,f,"2017-12-28 04:32:32.806438","2017-12-28 04:32:32.806438"
172,124,1120,156,31,0,1,0,f,t,"2017-12-28 04:32:35.649165","2017-12-28 04:32:35.649165"
173,125,1120,156,69,0,2,0,f,f,"2017-12-28 04:32:35.653138","2017-12-28 04:32:35.653138"
174,126,1121,138,34,0,1,0,f,f,"2017-12-28 04:32:35.670080","2017-12-28 04:32:35.670080"
175,13,1121,190,42,0,1,1,f,f,"2017-12-28 04:32:35.672412","2017-12-28 04:32:35.672412"
176,127,1121,138,86,0,2,1,f,f,"2017-12-28 04:32:35.676113","2017-12-28 04:32:35.676113"
177,128,1121,190,90,1,2,2,f,f,"2017-12-28 04:32:35.680756","2017-12-28 04:32:35.680756"
178,89,1122,138,8,0,0,1,f,f,"2017-12-28 04:32:35.691004","2017-12-28 04:32:35.691004"
179,129,1123,200,42,0,0,1,f,f,"2017-12-28 04:32:35.707989","2017-12-28 04:32:35.707989"
180,130,1123,190,54,0,1,1,f,f,"2017-12-28 04:32:35.715607","2017-12-28 04:32:35.715607"
181,4,1123,190,72,0,2,1,f,f,"2017-12-28 04:32:35.717784","2017-12-28 04:32:35.717784"
182,131,1124,156,25,0,0,1,f,f,"2017-12-28 04:32:35.734019","2017-12-28 04:32:35.734019"
183,132,1124,190,30,0,1,1,f,f,"2017-12-28 04:32:35.738386","2017-12-28 04:32:35.738386"
184,133,1124,190,52,0,2,1,f,f,"2017-12-28 04:32:35.742080","2017-12-28 04:32:35.742080"
185,89,1125,138,33,0,0,1,t,f,"2017-12-28 04:32:35.757473","2017-12-28 04:32:35.757473"
186,134,1125,138,37,0,0,2,f,f,"2017-12-28 04:32:35.764231","2017-12-28 04:32:35.764231"
187,135,1125,138,80,0,0,3,f,f,"2017-12-28 04:32:35.771593","2017-12-28 04:32:35.771593"
188,85,1125,138,90,1,0,4,f,f,"2017-12-28 04:32:35.774164","2017-12-28 04:32:35.774164"
189,136,1126,212,81,0,0,1,f,f,"2017-12-28 04:32:35.798471","2017-12-28 04:32:35.798471"
190,22,1126,212,90,1,0,2,f,f,"2017-12-28 04:32:35.803425","2017-12-28 04:32:35.803425"
191,137,1127,127,5,0,0,1,f,f,"2017-12-28 04:32:35.820427","2017-12-28 04:32:35.820427"
192,138,1127,193,41,0,1,1,f,f,"2017-12-28 04:32:35.824278","2017-12-28 04:32:35.824278"
193,139,1127,127,44,0,1,2,t,f,"2017-12-28 04:32:35.829477","2017-12-28 04:32:35.829477"
194,140,1127,127,48,0,1,3,f,f,"2017-12-28 04:32:35.834954","2017-12-28 04:32:35.834954"
195,141,1127,193,56,0,2,3,f,f,"2017-12-28 04:32:35.838816","2017-12-28 04:32:35.838816"
196,142,1128,22,45,1,1,0,f,f,"2017-12-28 04:32:35.851576","2017-12-28 04:32:35.851576"
197,143,1128,193,60,0,1,1,t,f,"2017-12-28 04:32:35.855239","2017-12-28 04:32:35.855239"
198,18,1129,212,6,0,0,1,f,f,"2017-12-28 04:32:35.868132","2017-12-28 04:32:35.868132"
199,137,1129,127,41,0,1,1,f,f,"2017-12-28 04:32:35.873785","2017-12-28 04:32:35.873785"
200,144,1130,127,48,0,1,0,f,f,"2017-12-28 04:32:35.890988","2017-12-28 04:32:35.890988"
201,145,1130,127,66,0,2,0,f,f,"2017-12-28 04:32:35.894925","2017-12-28 04:32:35.894925"
202,146,1130,22,78,0,2,1,f,f,"2017-12-28 04:32:35.902037","2017-12-28 04:32:35.902037"
203,145,1130,127,81,0,3,1,f,f,"2017-12-28 04:32:35.903756","2017-12-28 04:32:35.903756"
204,147,1131,193,42,0,0,1,f,f,"2017-12-28 04:32:35.917747","2017-12-28 04:32:35.917747"
205,33,1131,212,67,0,1,1,f,f,"2017-12-28 04:32:35.919963","2017-12-28 04:32:35.919963"
206,140,1133,127,6,0,1,0,f,f,"2017-12-28 04:32:35.938570","2017-12-28 04:32:35.938570"
207,140,1133,127,8,0,2,0,f,f,"2017-12-28 04:32:35.940297","2017-12-28 04:32:35.940297"
208,145,1133,127,59,0,3,0,f,f,"2017-12-28 04:32:35.941871","2017-12-28 04:32:35.941871"
209,148,1133,190,89,0,3,1,f,f,"2017-12-28 04:32:35.945855","2017-12-28 04:32:35.945855"
210,149,1133,127,90,1,4,1,f,f,"2017-12-28 04:32:35.949430","2017-12-28 04:32:35.949430"
211,150,1134,190,54,0,0,1,f,t,"2017-12-28 04:32:35.964024","2017-12-28 04:32:35.964024"
212,151,1134,138,90,1,1,1,f,f,"2017-12-28 04:32:35.969079","2017-12-28 04:32:35.969079"
213,152,1134,138,104,0,2,1,t,f,"2017-12-28 04:32:35.974181","2017-12-28 04:32:35.974181"
214,137,1135,127,20,0,0,1,f,f,"2017-12-28 04:32:35.987788","2017-12-28 04:32:35.987788"
215,153,1516,884,45,1,1,0,f,f,"2017-12-28 04:32:40.635092","2017-12-28 04:32:40.635092"
216,154,1516,871,47,0,1,1,t,f,"2017-12-28 04:32:40.639169","2017-12-28 04:32:40.639169"
217,155,1516,884,57,0,2,1,f,f,"2017-12-28 04:32:40.642790","2017-12-28 04:32:40.642790"
218,10,1517,898,82,0,0,1,f,f,"2017-12-28 04:32:40.655974","2017-12-28 04:32:40.655974"
219,156,1518,865,74,0,0,1,f,f,"2017-12-28 04:32:40.669964","2017-12-28 04:32:40.669964"
220,157,1519,863,5,0,1,0,f,f,"2017-12-28 04:32:40.685068","2017-12-28 04:32:40.685068"
221,158,1519,858,59,0,1,1,f,f,"2017-12-28 04:32:40.688734","2017-12-28 04:32:40.688734"
222,159,1520,890,11,0,1,0,f,f,"2017-12-28 04:32:40.703881","2017-12-28 04:32:40.703881"
223,66,1520,867,67,0,1,1,f,f,"2017-12-28 04:32:40.706131","2017-12-28 04:32:40.706131"
224,160,1521,874,9,0,0,1,f,f,"2017-12-28 04:32:40.721311","2017-12-28 04:32:40.721311"
225,161,1521,870,58,0,1,1,f,f,"2017-12-28 04:32:40.724948","2017-12-28 04:32:40.724948"
226,162,1522,862,4,0,1,0,t,f,"2017-12-28 04:32:40.740252","2017-12-28 04:32:40.740252"
227,163,1522,868,71,0,1,1,f,f,"2017-12-28 04:32:40.744053","2017-12-28 04:32:40.744053"
228,164,1522,862,87,0,2,1,f,t,"2017-12-28 04:32:40.749119","2017-12-28 04:32:40.749119"
229,29,1523,861,40,0,0,1,f,f,"2017-12-28 04:32:40.765651","2017-12-28 04:32:40.765651"
230,51,1523,861,59,0,0,2,f,f,"2017-12-28 04:32:40.768062","2017-12-28 04:32:40.768062"
231,165,1523,861,64,0,0,3,f,f,"2017-12-28 04:32:40.771846","2017-12-28 04:32:40.771846"
232,166,1523,872,69,0,1,3,f,f,"2017-12-28 04:32:40.775531","2017-12-28 04:32:40.775531"
233,167,1524,781,31,0,1,0,f,f,"2017-12-28 04:32:40.795073","2017-12-28 04:32:40.795073"
234,168,1524,821,45,1,1,1,f,f,"2017-12-28 04:32:40.800082","2017-12-28 04:32:40.800082"
235,169,1524,821,49,0,1,2,f,f,"2017-12-28 04:32:40.803921","2017-12-28 04:32:40.803921"
236,168,1524,821,56,0,1,3,f,f,"2017-12-28 04:32:40.805617","2017-12-28 04:32:40.805617"
237,170,1524,821,63,0,1,4,f,f,"2017-12-28 04:32:40.809359","2017-12-28 04:32:40.809359"
238,171,1524,781,64,0,2,4,f,f,"2017-12-28 04:32:40.813183","2017-12-28 04:32:40.813183"
239,172,1524,781,75,0,3,4,f,f,"2017-12-28 04:32:40.818247","2017-12-28 04:32:40.818247"
240,173,1525,856,47,0,1,0,t,f,"2017-12-28 04:32:40.838652","2017-12-28 04:32:40.838652"
241,174,1525,859,77,0,1,1,f,f,"2017-12-28 04:32:40.842302","2017-12-28 04:32:40.842302"
242,175,1525,856,89,0,2,1,f,f,"2017-12-28 04:32:40.846102","2017-12-28 04:32:40.846102"
243,165,1526,861,36,0,1,0,f,f,"2017-12-28 04:32:40.863096","2017-12-28 04:32:40.863096"
244,165,1526,861,52,0,2,0,t,f,"2017-12-28 04:32:40.865093","2017-12-28 04:32:40.865093"
245,162,1527,862,27,0,0,1,t,f,"2017-12-28 04:32:40.880651","2017-12-28 04:32:40.880651"
246,162,1527,862,36,0,0,2,f,f,"2017-12-28 04:32:40.883032","2017-12-28 04:32:40.883032"
247,176,1527,867,49,0,1,2,t,f,"2017-12-28 04:32:40.886510","2017-12-28 04:32:40.886510"
248,177,1527,862,86,0,1,3,f,f,"2017-12-28 04:32:40.890076","2017-12-28 04:32:40.890076"
249,177,1527,862,90,5,1,4,f,f,"2017-12-28 04:32:40.891680","2017-12-28 04:32:40.891680"
250,178,1528,880,2,0,1,0,f,f,"2017-12-28 04:32:40.907566","2017-12-28 04:32:40.907566"
251,179,1528,880,37,0,2,0,f,f,"2017-12-28 04:32:40.912125","2017-12-28 04:32:40.912125"
252,180,1529,884,79,0,0,1,f,f,"2017-12-28 04:32:40.926684","2017-12-28 04:32:40.926684"
253,181,1529,884,90,2,0,2,f,f,"2017-12-28 04:32:40.932078","2017-12-28 04:32:40.932078"
254,182,1530,858,82,0,1,0,f,f,"2017-12-28 04:32:40.945081","2017-12-28 04:32:40.945081"
255,160,1531,874,55,0,1,0,f,f,"2017-12-28 04:32:40.957672","2017-12-28 04:32:40.957672"
256,183,1531,856,80,0,1,1,f,f,"2017-12-28 04:32:40.963836","2017-12-28 04:32:40.963836"
257,175,1531,856,87,0,1,2,f,f,"2017-12-28 04:32:40.967405","2017-12-28 04:32:40.967405"
258,184,1532,865,9,0,1,0,f,f,"2017-12-28 04:32:40.981515","2017-12-28 04:32:40.981515"
259,185,1532,863,45,2,1,1,f,f,"2017-12-28 04:32:40.985306","2017-12-28 04:32:40.985306"
260,186,1532,863,60,0,1,2,f,f,"2017-12-28 04:32:40.988969","2017-12-28 04:32:40.988969"
261,187,1534,890,13,0,0,1,f,f,"2017-12-28 04:32:41.015070","2017-12-28 04:32:41.015070"
262,187,1534,890,45,0,0,2,f,f,"2017-12-28 04:32:41.017046","2017-12-28 04:32:41.017046"
263,188,1534,868,71,0,1,2,f,f,"2017-12-28 04:32:41.020652","2017-12-28 04:32:41.020652"
264,189,1535,859,85,0,1,0,f,f,"2017-12-28 04:32:41.036737","2017-12-28 04:32:41.036737"
265,190,1536,821,43,0,0,1,t,f,"2017-12-28 04:32:41.053785","2017-12-28 04:32:41.053785"
266,191,1536,858,72,0,1,1,f,f,"2017-12-28 04:32:41.057954","2017-12-28 04:32:41.057954"
267,173,1537,856,9,0,1,0,f,f,"2017-12-28 04:32:41.072050","2017-12-28 04:32:41.072050"
268,192,1537,856,41,0,2,0,f,f,"2017-12-28 04:32:41.075698","2017-12-28 04:32:41.075698"
269,193,1537,856,89,0,3,0,f,f,"2017-12-28 04:32:41.079853","2017-12-28 04:32:41.079853"
270,194,1538,872,11,0,0,1,f,f,"2017-12-28 04:32:41.093801","2017-12-28 04:32:41.093801"
271,195,1538,860,90,3,1,1,f,f,"2017-12-28 04:32:41.099208","2017-12-28 04:32:41.099208"
272,196,1539,863,51,0,1,0,f,t,"2017-12-28 04:32:41.116283","2017-12-28 04:32:41.116283"
273,197,1540,871,32,0,1,0,f,f,"2017-12-28 04:32:41.132802","2017-12-28 04:32:41.132802"
274,198,1540,871,52,0,2,0,f,f,"2017-12-28 04:32:41.136531","2017-12-28 04:32:41.136531"
275,10,1540,898,80,0,2,1,f,f,"2017-12-28 04:32:41.138630","2017-12-28 04:32:41.138630"
276,163,1541,868,80,0,0,1,t,f,"2017-12-28 04:32:41.150621","2017-12-28 04:32:41.150621"
277,199,1541,870,85,0,1,1,f,f,"2017-12-28 04:32:41.155475","2017-12-28 04:32:41.155475"
278,200,1542,781,9,0,0,1,t,f,"2017-12-28 04:32:41.172464","2017-12-28 04:32:41.172464"
279,201,1542,781,40,0,0,2,f,f,"2017-12-28 04:32:41.176170","2017-12-28 04:32:41.176170"
280,112,1542,781,45,1,0,3,f,f,"2017-12-28 04:32:41.178773","2017-12-28 04:32:41.178773"
281,202,1542,874,57,0,1,3,f,f,"2017-12-28 04:32:41.182675","2017-12-28 04:32:41.182675"
282,203,1543,861,90,2,0,1,f,f,"2017-12-28 04:32:41.197787","2017-12-28 04:32:41.197787"
283,204,1545,862,7,0,1,0,f,f,"2017-12-28 04:32:41.223238","2017-12-28 04:32:41.223238"
284,10,1545,862,18,0,2,0,f,f,"2017-12-28 04:32:41.224839","2017-12-28 04:32:41.224839"
285,189,1545,859,58,0,2,1,f,f,"2017-12-28 04:32:41.226424","2017-12-28 04:32:41.226424"
286,204,1545,862,90,2,3,1,f,f,"2017-12-28 04:32:41.228100","2017-12-28 04:32:41.228100"
287,114,1546,862,15,0,0,1,f,f,"2017-12-28 04:32:41.245790","2017-12-28 04:32:41.245790"
288,205,1546,862,36,0,0,2,f,f,"2017-12-28 04:32:41.249577","2017-12-28 04:32:41.249577"
289,165,1546,861,42,0,1,2,f,f,"2017-12-28 04:32:41.252345","2017-12-28 04:32:41.252345"
290,206,1547,872,79,0,1,0,f,f,"2017-12-28 04:32:41.265936","2017-12-28 04:32:41.265936"
291,207,1548,870,18,0,0,1,f,t,"2017-12-28 04:32:41.280463","2017-12-28 04:32:41.280463"
292,208,1548,781,29,0,1,1,f,f,"2017-12-28 04:32:41.286151","2017-12-28 04:32:41.286151"
293,200,1548,781,90,4,2,1,t,f,"2017-12-28 04:32:41.288014","2017-12-28 04:32:41.288014"
294,209,1549,880,72,0,1,0,f,f,"2017-12-28 04:32:41.303121","2017-12-28 04:32:41.303121"
295,155,1549,884,90,5,1,1,f,f,"2017-12-28 04:32:41.304758","2017-12-28 04:32:41.304758"
296,210,1550,860,16,0,0,1,f,f,"2017-12-28 04:32:41.320241","2017-12-28 04:32:41.320241"
297,211,1550,890,38,0,1,1,f,f,"2017-12-28 04:32:41.324061","2017-12-28 04:32:41.324061"
298,212,1550,860,47,0,1,2,f,f,"2017-12-28 04:32:41.327923","2017-12-28 04:32:41.327923"
299,40,1551,867,41,0,1,0,f,f,"2017-12-28 04:32:41.342375","2017-12-28 04:32:41.342375"
300,40,1551,867,56,0,2,0,f,f,"2017-12-28 04:32:41.345131","2017-12-28 04:32:41.345131"
301,97,1551,867,59,0,3,0,f,f,"2017-12-28 04:32:41.347543","2017-12-28 04:32:41.347543"
302,213,1551,867,70,0,4,0,f,f,"2017-12-28 04:32:41.352192","2017-12-28 04:32:41.352192"
303,189,1552,859,5,0,1,0,f,f,"2017-12-28 04:32:41.367042","2017-12-28 04:32:41.367042"
304,189,1552,859,33,0,2,0,f,f,"2017-12-28 04:32:41.368746","2017-12-28 04:32:41.368746"
305,214,1552,874,41,0,2,1,f,f,"2017-12-28 04:32:41.372253","2017-12-28 04:32:41.372253"
306,215,1552,874,45,2,2,2,f,f,"2017-12-28 04:32:41.376023","2017-12-28 04:32:41.376023"
307,160,1552,874,53,0,2,3,f,f,"2017-12-28 04:32:41.378295","2017-12-28 04:32:41.378295"
308,216,1552,874,63,0,2,4,f,f,"2017-12-28 04:32:41.383225","2017-12-28 04:32:41.383225"
309,217,1553,821,13,0,1,0,f,f,"2017-12-28 04:32:41.402660","2017-12-28 04:32:41.402660"
310,170,1553,821,31,0,2,0,f,f,"2017-12-28 04:32:41.404932","2017-12-28 04:32:41.404932"
311,197,1553,871,38,0,2,1,f,f,"2017-12-28 04:32:41.406576","2017-12-28 04:32:41.406576"
312,169,1553,821,56,0,3,1,f,f,"2017-12-28 04:32:41.408275","2017-12-28 04:32:41.408275"
313,217,1553,821,89,0,4,1,f,f,"2017-12-28 04:32:41.410436","2017-12-28 04:32:41.410436"
314,175,1554,856,18,0,0,1,f,f,"2017-12-28 04:32:41.426299","2017-12-28 04:32:41.426299"
315,218,1554,898,59,0,1,1,t,f,"2017-12-28 04:32:41.430578","2017-12-28 04:32:41.430578"
316,10,1554,898,62,0,2,1,f,f,"2017-12-28 04:32:41.433962","2017-12-28 04:32:41.433962"
317,175,1554,856,81,0,2,2,f,f,"2017-12-28 04:32:41.435679","2017-12-28 04:32:41.435679"
318,219,1555,863,60,0,0,1,f,f,"2017-12-28 04:32:41.452597","2017-12-28 04:32:41.452597"
319,219,1555,863,68,0,0,2,f,f,"2017-12-28 04:32:41.454266","2017-12-28 04:32:41.454266"
320,219,1555,863,71,0,0,3,f,f,"2017-12-28 04:32:41.455893","2017-12-28 04:32:41.455893"
321,175,1556,856,61,0,1,0,f,f,"2017-12-28 04:32:41.472162","2017-12-28 04:32:41.472162"
322,201,1557,781,17,0,0,1,f,f,"2017-12-28 04:32:41.490347","2017-12-28 04:32:41.490347"
323,167,1557,781,55,0,0,2,f,f,"2017-12-28 04:32:41.492052","2017-12-28 04:32:41.492052"
324,201,1557,781,83,0,0,3,f,f,"2017-12-28 04:32:41.494182","2017-12-28 04:32:41.494182"
325,64,1557,781,90,2,0,4,f,f,"2017-12-28 04:32:41.496360","2017-12-28 04:32:41.496360"
326,96,1558,871,45,1,1,0,f,f,"2017-12-28 04:32:41.509277","2017-12-28 04:32:41.509277"
327,96,1558,871,48,0,2,0,f,f,"2017-12-28 04:32:41.512892","2017-12-28 04:32:41.512892"
328,220,1558,871,78,0,3,0,f,t,"2017-12-28 04:32:41.518112","2017-12-28 04:32:41.518112"
329,221,1560,865,8,0,1,0,t,f,"2017-12-28 04:32:41.542511","2017-12-28 04:32:41.542511"
330,156,1560,865,37,0,2,0,f,f,"2017-12-28 04:32:41.544925","2017-12-28 04:32:41.544925"
331,222,1560,865,44,0,3,0,f,f,"2017-12-28 04:32:41.550536","2017-12-28 04:32:41.550536"
332,221,1560,865,56,0,4,0,f,f,"2017-12-28 04:32:41.552253","2017-12-28 04:32:41.552253"
333,189,1560,859,61,0,4,1,f,f,"2017-12-28 04:32:41.554041","2017-12-28 04:32:41.554041"
334,223,1560,859,65,0,4,2,t,f,"2017-12-28 04:32:41.557689","2017-12-28 04:32:41.557689"
335,224,1561,890,21,0,0,1,f,t,"2017-12-28 04:32:41.573360","2017-12-28 04:32:41.573360"
336,186,1561,863,24,0,1,1,f,f,"2017-12-28 04:32:41.576216","2017-12-28 04:32:41.576216"
337,225,1561,863,42,0,2,1,f,f,"2017-12-28 04:32:41.581172","2017-12-28 04:32:41.581172"
338,219,1561,863,45,1,3,1,f,f,"2017-12-28 04:32:41.583579","2017-12-28 04:32:41.583579"
339,160,1562,874,34,0,1,0,f,f,"2017-12-28 04:32:41.598670","2017-12-28 04:32:41.598670"
340,203,1562,861,62,0,1,1,f,f,"2017-12-28 04:32:41.600373","2017-12-28 04:32:41.600373"
341,226,1562,874,83,0,2,1,f,f,"2017-12-28 04:32:41.603985","2017-12-28 04:32:41.603985"
342,215,1562,874,90,5,3,1,t,f,"2017-12-28 04:32:41.605698","2017-12-28 04:32:41.605698"
343,227,1563,860,9,0,1,0,f,f,"2017-12-28 04:32:41.623097","2017-12-28 04:32:41.623097"
344,195,1563,860,11,0,2,0,f,f,"2017-12-28 04:32:41.624781","2017-12-28 04:32:41.624781"
345,228,1563,860,71,0,3,0,f,f,"2017-12-28 04:32:41.628945","2017-12-28 04:32:41.628945"
346,229,1563,860,75,0,4,0,f,f,"2017-12-28 04:32:41.632510","2017-12-28 04:32:41.632510"
347,230,1563,867,90,4,4,1,f,f,"2017-12-28 04:32:41.636359","2017-12-28 04:32:41.636359"
348,231,1564,870,64,0,1,0,f,f,"2017-12-28 04:32:41.651872","2017-12-28 04:32:41.651872"
349,213,1565,858,59,0,1,0,f,f,"2017-12-28 04:32:41.662181","2017-12-28 04:32:41.662181"
350,232,1566,861,22,0,1,0,f,f,"2017-12-28 04:32:41.685845","2017-12-28 04:32:41.685845"
351,29,1566,861,37,0,2,0,f,f,"2017-12-28 04:32:41.687985","2017-12-28 04:32:41.687985"
352,203,1566,861,40,0,3,0,f,f,"2017-12-28 04:32:41.689788","2017-12-28 04:32:41.689788"
353,109,1566,861,42,0,4,0,f,f,"2017-12-28 04:32:41.692033","2017-12-28 04:32:41.692033"
354,233,1566,871,59,0,4,1,f,f,"2017-12-28 04:32:41.696715","2017-12-28 04:32:41.696715"
355,234,1567,872,23,0,1,0,f,f,"2017-12-28 04:32:41.710334","2017-12-28 04:32:41.710334"
356,169,1568,821,17,0,1,0,f,f,"2017-12-28 04:32:41.725607","2017-12-28 04:32:41.725607"
357,190,1568,821,30,0,2,0,t,f,"2017-12-28 04:32:41.727766","2017-12-28 04:32:41.727766"
358,170,1568,821,36,0,3,0,f,f,"2017-12-28 04:32:41.729597","2017-12-28 04:32:41.729597"
359,235,1568,884,51,0,3,1,f,f,"2017-12-28 04:32:41.733066","2017-12-28 04:32:41.733066"
360,168,1568,821,52,0,4,1,f,f,"2017-12-28 04:32:41.734739","2017-12-28 04:32:41.734739"
361,190,1568,821,71,0,5,1,t,f,"2017-12-28 04:32:41.736433","2017-12-28 04:32:41.736433"
362,40,1569,858,7,0,0,1,f,f,"2017-12-28 04:32:41.750583","2017-12-28 04:32:41.750583"
363,40,1569,858,23,0,0,2,f,f,"2017-12-28 04:32:41.752688","2017-12-28 04:32:41.752688"
364,236,1569,890,65,0,1,2,f,f,"2017-12-28 04:32:41.756199","2017-12-28 04:32:41.756199"
365,237,1570,867,73,0,1,0,f,f,"2017-12-28 04:32:41.770547","2017-12-28 04:32:41.770547"
366,156,1570,865,90,1,1,1,f,f,"2017-12-28 04:32:41.772772","2017-12-28 04:32:41.772772"
367,163,1571,868,39,0,1,0,f,f,"2017-12-28 04:32:41.787770","2017-12-28 04:32:41.787770"
368,163,1571,868,60,0,2,0,f,f,"2017-12-28 04:32:41.789546","2017-12-28 04:32:41.789546"
369,238,1571,860,61,0,2,1,f,f,"2017-12-28 04:32:41.793743","2017-12-28 04:32:41.793743"
370,228,1571,860,76,0,2,2,f,f,"2017-12-28 04:32:41.795888","2017-12-28 04:32:41.795888"
371,210,1571,860,90,4,2,3,f,f,"2017-12-28 04:32:41.797653","2017-12-28 04:32:41.797653"
372,162,1572,862,9,0,0,1,f,f,"2017-12-28 04:32:41.811368","2017-12-28 04:32:41.811368"
373,239,1572,898,13,0,1,1,f,f,"2017-12-28 04:32:41.816916","2017-12-28 04:32:41.816916"
374,162,1572,862,65,0,1,2,t,f,"2017-12-28 04:32:41.818667","2017-12-28 04:32:41.818667"
375,204,1572,862,77,0,1,3,f,f,"2017-12-28 04:32:41.820425","2017-12-28 04:32:41.820425"
376,201,1573,781,11,0,1,0,f,f,"2017-12-28 04:32:41.832461","2017-12-28 04:32:41.832461"
377,167,1573,781,14,0,2,0,f,f,"2017-12-28 04:32:41.834148","2017-12-28 04:32:41.834148"
378,112,1573,781,40,0,3,0,f,f,"2017-12-28 04:32:41.837519","2017-12-28 04:32:41.837519"
379,231,1574,870,40,0,0,1,f,f,"2017-12-28 04:32:41.852028","2017-12-28 04:32:41.852028"
380,240,1574,870,62,0,0,2,f,f,"2017-12-28 04:32:41.855577","2017-12-28 04:32:41.855577"
381,241,1574,870,90,2,0,3,f,f,"2017-12-28 04:32:41.859132","2017-12-28 04:32:41.859132"
382,242,1575,880,38,0,1,0,f,f,"2017-12-28 04:32:41.875735","2017-12-28 04:32:41.875735"
383,243,1575,880,50,0,2,0,f,f,"2017-12-28 04:32:41.879513","2017-12-28 04:32:41.879513"
384,115,1576,863,35,0,1,0,f,f,"2017-12-28 04:32:41.896652","2017-12-28 04:32:41.896652"
385,210,1576,860,50,0,1,1,f,f,"2017-12-28 04:32:41.898311","2017-12-28 04:32:41.898311"
386,10,1577,898,8,0,1,0,f,f,"2017-12-28 04:32:41.913266","2017-12-28 04:32:41.913266"
387,217,1577,821,54,0,1,1,f,f,"2017-12-28 04:32:41.916032","2017-12-28 04:32:41.916032"
388,190,1577,821,84,0,1,2,t,f,"2017-12-28 04:32:41.917713","2017-12-28 04:32:41.917713"
389,192,1578,856,61,0,0,1,f,f,"2017-12-28 04:32:41.929312","2017-12-28 04:32:41.929312"
390,175,1578,856,67,0,0,2,f,f,"2017-12-28 04:32:41.931031","2017-12-28 04:32:41.931031"
391,221,1579,865,35,0,0,1,f,f,"2017-12-28 04:32:41.942844","2017-12-28 04:32:41.942844"
392,188,1579,868,83,0,1,1,f,f,"2017-12-28 04:32:41.944678","2017-12-28 04:32:41.944678"
393,206,1580,872,31,0,0,1,f,f,"2017-12-28 04:32:41.962307","2017-12-28 04:32:41.962307"
394,215,1580,874,50,0,1,1,f,f,"2017-12-28 04:32:41.964019","2017-12-28 04:32:41.964019"
395,194,1580,872,62,0,1,2,f,f,"2017-12-28 04:32:41.966411","2017-12-28 04:32:41.966411"
396,244,1580,874,65,0,2,2,f,f,"2017-12-28 04:32:41.970426","2017-12-28 04:32:41.970426"
397,187,1581,890,51,0,0,1,f,f,"2017-12-28 04:32:41.982949","2017-12-28 04:32:41.982949"
398,245,1581,859,57,0,1,1,f,f,"2017-12-28 04:32:41.986641","2017-12-28 04:32:41.986641"
399,246,1582,861,69,0,1,0,f,f,"2017-12-28 04:32:42.002869","2017-12-28 04:32:42.002869"
400,237,1582,867,82,0,1,1,f,f,"2017-12-28 04:32:42.004678","2017-12-28 04:32:42.004678"
401,247,1584,858,9,0,1,0,f,t,"2017-12-28 04:32:42.024420","2017-12-28 04:32:42.024420"
402,97,1584,858,37,0,2,0,f,f,"2017-12-28 04:32:42.027046","2017-12-28 04:32:42.027046"
403,208,1585,781,90,3,0,1,f,f,"2017-12-28 04:32:42.040312","2017-12-28 04:32:42.040312"
404,175,1586,856,7,0,1,0,f,f,"2017-12-28 04:32:42.058522","2017-12-28 04:32:42.058522"
405,173,1586,856,33,0,2,0,f,f,"2017-12-28 04:32:42.060696","2017-12-28 04:32:42.060696"
406,193,1586,856,80,0,3,0,f,f,"2017-12-28 04:32:42.063125","2017-12-28 04:32:42.063125"
407,248,1587,872,5,0,1,0,f,f,"2017-12-28 04:32:42.082984","2017-12-28 04:32:42.082984"
408,249,1587,884,34,0,1,1,f,f,"2017-12-28 04:32:42.086572","2017-12-28 04:32:42.086572"
409,250,1587,872,41,0,2,1,f,f,"2017-12-28 04:32:42.090096","2017-12-28 04:32:42.090096"
410,234,1587,872,45,0,3,1,t,f,"2017-12-28 04:32:42.091952","2017-12-28 04:32:42.091952"
411,234,1587,872,65,0,4,1,f,f,"2017-12-28 04:32:42.094274","2017-12-28 04:32:42.094274"
412,206,1587,872,83,0,5,1,f,f,"2017-12-28 04:32:42.096503","2017-12-28 04:32:42.096503"
413,251,1587,872,88,0,6,1,f,f,"2017-12-28 04:32:42.101829","2017-12-28 04:32:42.101829"
414,167,1588,781,26,0,1,0,f,f,"2017-12-28 04:32:42.117026","2017-12-28 04:32:42.117026"
415,167,1588,781,33,0,2,0,f,f,"2017-12-28 04:32:42.118773","2017-12-28 04:32:42.118773"
416,218,1588,898,38,0,2,1,f,f,"2017-12-28 04:32:42.121346","2017-12-28 04:32:42.121346"
417,112,1588,781,57,0,3,1,f,f,"2017-12-28 04:32:42.124195","2017-12-28 04:32:42.124195"
418,252,1588,898,66,0,3,2,f,f,"2017-12-28 04:32:42.128723","2017-12-28 04:32:42.128723"
419,253,5189,951,25,0,1,0,f,f,"2017-12-28 04:33:18.464392","2017-12-28 04:33:18.464392"
420,254,5189,951,57,0,2,0,f,f,"2017-12-28 04:33:18.469109","2017-12-28 04:33:18.469109"
421,255,5189,955,74,0,2,1,f,f,"2017-12-28 04:33:18.473352","2017-12-28 04:33:18.473352"
422,256,5189,955,79,0,2,2,f,f,"2017-12-28 04:33:18.477089","2017-12-28 04:33:18.477089"
423,257,5190,957,29,0,0,1,f,f,"2017-12-28 04:33:18.491141","2017-12-28 04:33:18.491141"
424,258,5190,957,90,0,0,2,f,f,"2017-12-28 04:33:18.495375","2017-12-28 04:33:18.495375"
425,259,5191,974,10,0,1,0,f,f,"2017-12-28 04:33:18.509414","2017-12-28 04:33:18.509414"
426,260,5191,974,31,0,2,0,f,f,"2017-12-28 04:33:18.514252","2017-12-28 04:33:18.514252"
427,261,5191,974,64,0,3,0,f,f,"2017-12-28 04:33:18.518112","2017-12-28 04:33:18.518112"
428,262,5192,963,1,0,1,0,f,f,"2017-12-28 04:33:18.532495","2017-12-28 04:33:18.532495"
429,263,5192,963,9,0,2,0,f,f,"2017-12-28 04:33:18.537706","2017-12-28 04:33:18.537706"
430,264,5192,963,68,0,3,0,f,f,"2017-12-28 04:33:18.541261","2017-12-28 04:33:18.541261"
431,265,5193,967,3,0,0,1,f,f,"2017-12-28 04:33:18.556688","2017-12-28 04:33:18.556688"
432,265,5193,967,12,0,0,2,f,f,"2017-12-28 04:33:18.558627","2017-12-28 04:33:18.558627"
433,266,5193,960,16,0,1,2,f,f,"2017-12-28 04:33:18.563331","2017-12-28 04:33:18.563331"
434,267,5193,960,60,0,2,2,f,f,"2017-12-28 04:33:18.568585","2017-12-28 04:33:18.568585"
435,268,5193,960,90,2,3,2,f,f,"2017-12-28 04:33:18.573010","2017-12-28 04:33:18.573010"
436,269,5549,951,13,0,1,0,f,f,"2017-12-28 04:33:20.990864","2017-12-28 04:33:20.990864"
437,270,5549,951,28,0,2,0,f,f,"2017-12-28 04:33:20.994814","2017-12-28 04:33:20.994814"
438,271,5549,951,42,0,3,0,f,f,"2017-12-28 04:33:21.000306","2017-12-28 04:33:21.000306"
439,271,5549,951,55,0,4,0,f,f,"2017-12-28 04:33:21.002015","2017-12-28 04:33:21.002015"
440,272,5550,960,6,0,1,0,f,f,"2017-12-28 04:33:21.016678","2017-12-28 04:33:21.016678"
441,273,5550,960,18,0,2,0,f,f,"2017-12-28 04:33:21.021876","2017-12-28 04:33:21.021876"
442,274,5550,960,36,0,3,0,f,f,"2017-12-28 04:33:21.025724","2017-12-28 04:33:21.025724"
443,275,5550,957,82,0,3,1,f,f,"2017-12-28 04:33:21.030953","2017-12-28 04:33:21.030953"
444,276,5551,963,82,0,1,0,f,f,"2017-12-28 04:33:21.043653","2017-12-28 04:33:21.043653"
445,277,5552,949,45,1,0,1,f,f,"2017-12-28 04:33:21.059493","2017-12-28 04:33:21.059493"
446,278,5552,967,80,0,1,1,f,f,"2017-12-28 04:33:21.064939","2017-12-28 04:33:21.064939"
447,279,5552,949,90,5,1,2,f,f,"2017-12-28 04:33:21.068706","2017-12-28 04:33:21.068706"
448,280,5553,953,19,0,0,1,f,f,"2017-12-28 04:33:21.080653","2017-12-28 04:33:21.080653"
449,281,5554,957,52,0,1,0,f,f,"2017-12-28 04:33:21.099485","2017-12-28 04:33:21.099485"
450,282,5554,961,81,0,1,1,f,f,"2017-12-28 04:33:21.103232","2017-12-28 04:33:21.103232"
451,268,5555,962,16,0,1,0,f,f,"2017-12-28 04:33:21.115004","2017-12-28 04:33:21.115004"
452,283,5556,955,28,0,0,1,f,f,"2017-12-28 04:33:21.132977","2017-12-28 04:33:21.132977"
453,284,5556,949,64,0,1,1,f,f,"2017-12-28 04:33:21.136824","2017-12-28 04:33:21.136824"
454,279,5556,949,67,0,2,1,f,f,"2017-12-28 04:33:21.138476","2017-12-28 04:33:21.138476"
455,285,5556,949,90,4,3,1,f,f,"2017-12-28 04:33:21.142821","2017-12-28 04:33:21.142821"
456,286,5557,963,76,0,1,0,f,f,"2017-12-28 04:33:21.156402","2017-12-28 04:33:21.156402"
457,278,5558,967,64,0,1,0,f,f,"2017-12-28 04:33:21.169316","2017-12-28 04:33:21.169316"
458,287,5558,953,69,0,1,1,f,f,"2017-12-28 04:33:21.173339","2017-12-28 04:33:21.173339"
459,288,5558,967,90,4,2,1,f,f,"2017-12-28 04:33:21.178034","2017-12-28 04:33:21.178034"
460,274,5559,960,48,0,0,1,f,f,"2017-12-28 04:33:21.193072","2017-12-28 04:33:21.193072"
461,289,5559,960,63,0,0,2,f,f,"2017-12-28 04:33:21.198588","2017-12-28 04:33:21.198588"
462,290,5560,957,33,0,1,0,f,f,"2017-12-28 04:33:21.211496","2017-12-28 04:33:21.211496"
463,291,5560,957,60,0,2,0,f,f,"2017-12-28 04:33:21.216364","2017-12-28 04:33:21.216364"
464,276,5561,963,2,0,0,1,f,f,"2017-12-28 04:33:21.233122","2017-12-28 04:33:21.233122"
465,276,5561,963,49,0,0,2,f,f,"2017-12-28 04:33:21.234800","2017-12-28 04:33:21.234800"
466,292,5561,953,58,0,1,2,f,f,"2017-12-28 04:33:21.238449","2017-12-28 04:33:21.238449"
467,293,5562,961,79,0,1,0,f,f,"2017-12-28 04:33:21.252421","2017-12-28 04:33:21.252421"
468,294,5563,951,33,0,0,1,f,f,"2017-12-28 04:33:21.268847","2017-12-28 04:33:21.268847"
469,277,5563,949,63,0,1,1,f,f,"2017-12-28 04:33:21.270639","2017-12-28 04:33:21.270639"
470,270,5563,951,65,0,1,2,f,f,"2017-12-28 04:33:21.272335","2017-12-28 04:33:21.272335"
471,295,5563,951,87,0,1,3,f,f,"2017-12-28 04:33:21.276378","2017-12-28 04:33:21.276378"
472,296,5563,951,90,3,1,4,f,f,"2017-12-28 04:33:21.281356","2017-12-28 04:33:21.281356"
473,297,5564,957,47,0,0,1,f,f,"2017-12-28 04:33:21.298519","2017-12-28 04:33:21.298519"
474,298,5564,957,90,1,0,2,f,f,"2017-12-28 04:33:21.302307","2017-12-28 04:33:21.302307"
475,270,5565,951,17,0,1,0,f,f,"2017-12-28 04:33:21.315159","2017-12-28 04:33:21.315159"
476,299,5565,951,25,0,2,0,f,f,"2017-12-28 04:33:21.319022","2017-12-28 04:33:21.319022"
477,270,5565,951,65,0,3,0,f,f,"2017-12-28 04:33:21.320727","2017-12-28 04:33:21.320727"
478,299,5565,951,78,0,4,0,f,f,"2017-12-28 04:33:21.322422","2017-12-28 04:33:21.322422"
479,276,5566,963,2,0,1,0,f,f,"2017-12-28 04:33:21.334760","2017-12-28 04:33:21.334760"
480,276,5566,963,24,0,2,0,f,f,"2017-12-28 04:33:21.336519","2017-12-28 04:33:21.336519"
481,300,5566,963,45,1,3,0,f,f,"2017-12-28 04:33:21.340231","2017-12-28 04:33:21.340231"
482,288,5566,967,75,0,3,1,f,f,"2017-12-28 04:33:21.342400","2017-12-28 04:33:21.342400"
483,301,5567,955,2,0,1,0,f,f,"2017-12-28 04:33:21.357391","2017-12-28 04:33:21.357391"
484,302,5567,961,25,0,1,1,f,f,"2017-12-28 04:33:21.361127","2017-12-28 04:33:21.361127"
485,303,5567,955,34,0,2,1,f,f,"2017-12-28 04:33:21.366325","2017-12-28 04:33:21.366325"
486,285,5567,955,56,0,3,1,f,f,"2017-12-28 04:33:21.368430","2017-12-28 04:33:21.368430"
487,274,5568,960,38,0,1,0,f,f,"2017-12-28 04:33:21.382190","2017-12-28 04:33:21.382190"
488,274,5568,960,66,0,2,0,f,f,"2017-12-28 04:33:21.383910","2017-12-28 04:33:21.383910"
489,304,5568,960,70,0,3,0,f,f,"2017-12-28 04:33:21.387708","2017-12-28 04:33:21.387708"
490,305,5568,949,79,0,3,1,f,f,"2017-12-28 04:33:21.391475","2017-12-28 04:33:21.391475"
491,289,5569,960,21,0,0,1,f,f,"2017-12-28 04:33:21.407330","2017-12-28 04:33:21.407330"
492,306,5569,960,44,0,0,2,f,f,"2017-12-28 04:33:21.412918","2017-12-28 04:33:21.412918"
493,307,5569,967,56,0,1,2,f,f,"2017-12-28 04:33:21.416815","2017-12-28 04:33:21.416815"
494,272,5569,960,84,0,1,3,f,f,"2017-12-28 04:33:21.418649","2017-12-28 04:33:21.418649"
495,258,5570,957,49,0,1,0,f,f,"2017-12-28 04:33:21.432060","2017-12-28 04:33:21.432060"
496,308,5570,955,76,0,1,1,f,f,"2017-12-28 04:33:21.435826","2017-12-28 04:33:21.435826"
497,291,5570,957,88,0,2,1,f,f,"2017-12-28 04:33:21.437525","2017-12-28 04:33:21.437525"
498,291,5570,957,90,1,3,1,f,f,"2017-12-28 04:33:21.439170","2017-12-28 04:33:21.439170"
499,292,5571,953,90,0,1,0,f,f,"2017-12-28 04:33:21.451142","2017-12-28 04:33:21.451142"
500,309,5572,951,31,0,0,1,f,f,"2017-12-28 04:33:21.465732","2017-12-28 04:33:21.465732"
501,310,5572,961,82,0,1,1,f,f,"2017-12-28 04:33:21.473107","2017-12-28 04:33:21.473107"
502,279,5573,949,23,0,1,0,f,f,"2017-12-28 04:33:21.488754","2017-12-28 04:33:21.488754"
503,276,5573,963,58,0,1,1,f,f,"2017-12-28 04:33:21.490411","2017-12-28 04:33:21.490411"
504,311,5573,949,61,0,2,1,f,f,"2017-12-28 04:33:21.494906","2017-12-28 04:33:21.494906"
505,311,5573,949,68,0,3,1,f,f,"2017-12-28 04:33:21.496650","2017-12-28 04:33:21.496650"
506,300,5574,963,2,0,0,1,f,f,"2017-12-28 04:33:21.512628","2017-12-28 04:33:21.512628"
507,312,5574,960,19,0,1,1,f,f,"2017-12-28 04:33:21.517304","2017-12-28 04:33:21.517304"
508,274,5574,960,37,0,2,1,f,f,"2017-12-28 04:33:21.519032","2017-12-28 04:33:21.519032"
509,267,5574,960,82,0,3,1,f,f,"2017-12-28 04:33:21.521599","2017-12-28 04:33:21.521599"
510,310,5575,961,2,0,1,0,f,f,"2017-12-28 04:33:21.534244","2017-12-28 04:33:21.534244"
511,310,5575,961,21,0,2,0,f,f,"2017-12-28 04:33:21.535890","2017-12-28 04:33:21.535890"
512,310,5575,961,46,0,3,0,f,f,"2017-12-28 04:33:21.537500","2017-12-28 04:33:21.537500"
513,282,5575,961,63,0,4,0,f,f,"2017-12-28 04:33:21.539252","2017-12-28 04:33:21.539252"
514,313,5575,961,87,0,5,0,f,f,"2017-12-28 04:33:21.544311","2017-12-28 04:33:21.544311"
515,307,5576,967,63,0,0,1,f,f,"2017-12-28 04:33:21.555977","2017-12-28 04:33:21.555977"
516,314,5576,955,84,0,1,1,f,f,"2017-12-28 04:33:21.560377","2017-12-28 04:33:21.560377"
517,279,5578,949,26,0,0,1,f,f,"2017-12-28 04:33:21.580279","2017-12-28 04:33:21.580279"
518,315,5578,962,71,0,1,1,f,f,"2017-12-28 04:33:21.584250","2017-12-28 04:33:21.584250"
519,312,5579,960,22,0,1,0,f,f,"2017-12-28 04:33:21.598286","2017-12-28 04:33:21.598286"
520,316,5579,951,54,0,1,1,f,f,"2017-12-28 04:33:21.602075","2017-12-28 04:33:21.602075"
521,284,5580,949,14,0,1,0,f,f,"2017-12-28 04:33:21.616338","2017-12-28 04:33:21.616338"
522,317,5580,949,17,0,2,0,f,f,"2017-12-28 04:33:21.620187","2017-12-28 04:33:21.620187"
523,318,5580,949,26,0,3,0,f,f,"2017-12-28 04:33:21.623768","2017-12-28 04:33:21.623768"
524,310,5580,961,49,0,3,1,f,f,"2017-12-28 04:33:21.626112","2017-12-28 04:33:21.626112"
525,318,5580,949,79,0,4,1,f,f,"2017-12-28 04:33:21.627939","2017-12-28 04:33:21.627939"
526,319,5581,963,78,0,1,0,f,f,"2017-12-28 04:33:21.641732","2017-12-28 04:33:21.641732"
527,319,5581,963,84,0,2,0,f,f,"2017-12-28 04:33:21.643677","2017-12-28 04:33:21.643677"
528,301,5581,955,90,4,2,1,f,f,"2017-12-28 04:33:21.645456","2017-12-28 04:33:21.645456"
529,320,5582,962,3,0,0,1,f,f,"2017-12-28 04:33:21.661144","2017-12-28 04:33:21.661144"
530,320,5582,962,10,0,0,2,f,f,"2017-12-28 04:33:21.662955","2017-12-28 04:33:21.662955"
531,321,5582,967,29,0,1,2,f,f,"2017-12-28 04:33:21.666708","2017-12-28 04:33:21.666708"
532,322,5582,962,57,0,1,3,f,f,"2017-12-28 04:33:21.670427","2017-12-28 04:33:21.670427"
533,307,5582,967,88,0,2,3,f,f,"2017-12-28 04:33:21.672883","2017-12-28 04:33:21.672883"
534,281,5583,957,9,0,0,1,f,f,"2017-12-28 04:33:21.687372","2017-12-28 04:33:21.687372"
535,323,5583,957,53,0,0,2,f,f,"2017-12-28 04:33:21.690956","2017-12-28 04:33:21.690956"
536,258,5583,957,85,0,0,3,f,f,"2017-12-28 04:33:21.693938","2017-12-28 04:33:21.693938"
537,258,5583,957,88,0,0,4,f,f,"2017-12-28 04:33:21.696369","2017-12-28 04:33:21.696369"
538,320,5584,962,14,0,1,0,f,f,"2017-12-28 04:33:21.716602","2017-12-28 04:33:21.716602"
539,324,5584,963,79,0,1,1,f,f,"2017-12-28 04:33:21.720450","2017-12-28 04:33:21.720450"
540,46,5584,962,89,0,2,1,f,f,"2017-12-28 04:33:21.722546","2017-12-28 04:33:21.722546"
541,274,5585,960,33,0,0,1,f,f,"2017-12-28 04:33:21.734309","2017-12-28 04:33:21.734309"
542,306,5585,960,63,0,0,2,f,f,"2017-12-28 04:33:21.736027","2017-12-28 04:33:21.736027"
543,274,5585,960,81,0,0,3,f,f,"2017-12-28 04:33:21.738640","2017-12-28 04:33:21.738640"
544,325,5586,967,28,0,0,1,f,f,"2017-12-28 04:33:21.751797","2017-12-28 04:33:21.751797"
545,326,5586,961,32,0,1,1,f,f,"2017-12-28 04:33:21.755764","2017-12-28 04:33:21.755764"
546,281,5587,957,16,0,1,0,f,f,"2017-12-28 04:33:21.769084","2017-12-28 04:33:21.769084"
547,281,5587,957,49,0,2,0,f,f,"2017-12-28 04:33:21.771823","2017-12-28 04:33:21.771823"
548,318,5587,949,56,0,2,1,f,f,"2017-12-28 04:33:21.773875","2017-12-28 04:33:21.773875"
549,281,5587,957,60,0,3,1,f,f,"2017-12-28 04:33:21.775617","2017-12-28 04:33:21.775617"
550,327,5587,957,86,0,4,1,f,f,"2017-12-28 04:33:21.779888","2017-12-28 04:33:21.779888"
551,270,5588,951,62,0,1,0,f,f,"2017-12-28 04:33:21.791509","2017-12-28 04:33:21.791509"
552,316,5588,951,65,0,2,0,f,f,"2017-12-28 04:33:21.793789","2017-12-28 04:33:21.793789"
553,328,5588,951,83,0,3,0,f,f,"2017-12-28 04:33:21.797394","2017-12-28 04:33:21.797394"
554,296,5589,951,45,3,0,1,f,f,"2017-12-28 04:33:21.812221","2017-12-28 04:33:21.812221"
555,329,5589,967,59,0,1,1,f,f,"2017-12-28 04:33:21.817021","2017-12-28 04:33:21.817021"
556,330,5590,953,13,0,0,1,f,f,"2017-12-28 04:33:21.830191","2017-12-28 04:33:21.830191"
557,279,5590,949,36,0,1,1,f,f,"2017-12-28 04:33:21.832254","2017-12-28 04:33:21.832254"
558,331,5590,953,63,0,1,2,f,f,"2017-12-28 04:33:21.837128","2017-12-28 04:33:21.837128"
559,274,5591,960,38,0,1,0,f,f,"2017-12-28 04:33:21.849016","2017-12-28 04:33:21.849016"
560,274,5591,960,41,0,2,0,f,f,"2017-12-28 04:33:21.850963","2017-12-28 04:33:21.850963"
561,289,5591,960,88,0,3,0,f,f,"2017-12-28 04:33:21.852779","2017-12-28 04:33:21.852779"
562,332,5592,955,83,0,1,0,f,f,"2017-12-28 04:33:21.865298","2017-12-28 04:33:21.865298"
563,268,5592,962,90,1,1,1,f,f,"2017-12-28 04:33:21.867776","2017-12-28 04:33:21.867776"
564,333,5594,963,28,0,0,1,f,f,"2017-12-28 04:33:21.892486","2017-12-28 04:33:21.892486"
565,334,5594,961,58,0,1,1,f,f,"2017-12-28 04:33:21.896267","2017-12-28 04:33:21.896267"
566,276,5594,963,90,1,1,2,f,f,"2017-12-28 04:33:21.897921","2017-12-28 04:33:21.897921"
567,314,5595,953,82,0,1,0,f,f,"2017-12-28 04:33:21.908604","2017-12-28 04:33:21.908604"
568,274,5596,960,66,0,0,1,f,f,"2017-12-28 04:33:21.920860","2017-12-28 04:33:21.920860"
569,315,5597,962,6,0,1,0,f,f,"2017-12-28 04:33:21.935524","2017-12-28 04:33:21.935524"
570,268,5597,962,23,0,2,0,f,f,"2017-12-28 04:33:21.937834","2017-12-28 04:33:21.937834"
571,299,5597,951,26,0,2,1,f,f,"2017-12-28 04:33:21.939745","2017-12-28 04:33:21.939745"
572,335,5597,962,40,0,3,1,f,f,"2017-12-28 04:33:21.943418","2017-12-28 04:33:21.943418"
573,302,5597,962,65,0,4,1,f,f,"2017-12-28 04:33:21.945200","2017-12-28 04:33:21.945200"
574,299,5597,951,90,1,4,2,f,f,"2017-12-28 04:33:21.948058","2017-12-28 04:33:21.948058"
575,336,5598,967,52,0,0,1,f,f,"2017-12-28 04:33:21.965404","2017-12-28 04:33:21.965404"
576,337,5598,949,81,0,1,1,f,f,"2017-12-28 04:33:21.970125","2017-12-28 04:33:21.970125"
577,277,5598,949,85,0,2,1,f,f,"2017-12-28 04:33:21.971771","2017-12-28 04:33:21.971771"
578,338,16648,1078,17,0,1,0,f,f,"2017-12-28 04:34:51.856268","2017-12-28 04:34:51.856268"
579,112,16648,1207,53,0,1,1,f,f,"2017-12-28 04:34:51.859045","2017-12-28 04:34:51.859045"
580,339,16648,1078,90,0,2,1,f,f,"2017-12-28 04:34:51.863298","2017-12-28 04:34:51.863298"
581,340,16649,856,45,2,1,0,f,f,"2017-12-28 04:34:51.881565","2017-12-28 04:34:51.881565"
582,341,16650,810,35,0,1,0,f,f,"2017-12-28 04:34:51.901239","2017-12-28 04:34:51.901239"
583,342,16650,810,43,0,2,0,f,f,"2017-12-28 04:34:51.912453","2017-12-28 04:34:51.912453"
584,343,16650,856,45,1,2,1,f,f,"2017-12-28 04:34:51.916700","2017-12-28 04:34:51.916700"
585,28,16650,856,90,2,2,2,f,f,"2017-12-28 04:34:51.918959","2017-12-28 04:34:51.918959"
586,89,16651,1207,6,0,1,0,t,f,"2017-12-28 04:34:51.933493","2017-12-28 04:34:51.933493"
587,89,16651,1207,14,0,2,0,f,f,"2017-12-28 04:34:51.935881","2017-12-28 04:34:51.935881"
588,16,16651,1078,27,0,2,1,t,f,"2017-12-28 04:34:51.938118","2017-12-28 04:34:51.938118"
589,77,16652,1078,83,0,1,0,f,f,"2017-12-28 04:34:51.954620","2017-12-28 04:34:51.954620"
590,340,16652,856,88,0,1,1,f,f,"2017-12-28 04:34:51.956423","2017-12-28 04:34:51.956423"
591,344,16665,1208,7,0,1,0,f,f,"2017-12-28 04:34:52.106121","2017-12-28 04:34:52.106121"
592,344,16665,1208,34,0,2,0,f,f,"2017-12-28 04:34:52.108396","2017-12-28 04:34:52.108396"
593,53,16665,1208,85,0,3,0,f,f,"2017-12-28 04:34:52.112559","2017-12-28 04:34:52.112559"
594,345,16770,861,48,0,1,0,f,t,"2017-12-28 04:34:53.707391","2017-12-28 04:34:53.707391"
595,346,16770,1207,66,0,1,1,f,f,"2017-12-28 04:34:53.713687","2017-12-28 04:34:53.713687"
596,347,16770,1207,69,0,1,2,f,f,"2017-12-28 04:34:53.717841","2017-12-28 04:34:53.717841"
597,348,16771,1079,31,0,1,0,f,f,"2017-12-28 04:34:53.741001","2017-12-28 04:34:53.741001"
598,349,16771,1079,37,0,2,0,f,f,"2017-12-28 04:34:53.745837","2017-12-28 04:34:53.745837"
599,350,16771,1079,59,0,3,0,f,f,"2017-12-28 04:34:53.753897","2017-12-28 04:34:53.753897"
600,351,16772,1212,55,0,0,1,f,f,"2017-12-28 04:34:53.777225","2017-12-28 04:34:53.777225"
601,352,16772,1278,66,0,1,1,f,f,"2017-12-28 04:34:53.780807","2017-12-28 04:34:53.780807"
602,353,16773,1254,24,0,1,0,f,f,"2017-12-28 04:34:53.800235","2017-12-28 04:34:53.800235"
603,354,16773,1254,65,0,2,0,f,f,"2017-12-28 04:34:53.804067","2017-12-28 04:34:53.804067"
604,355,16774,1082,17,0,1,0,f,f,"2017-12-28 04:34:53.824891","2017-12-28 04:34:53.824891"
605,356,16774,466,37,0,1,1,f,f,"2017-12-28 04:34:53.830238","2017-12-28 04:34:53.830238"
606,357,16774,466,42,0,1,2,f,f,"2017-12-28 04:34:53.833898","2017-12-28 04:34:53.833898"
607,358,16774,1082,63,0,2,2,f,f,"2017-12-28 04:34:53.837850","2017-12-28 04:34:53.837850"
608,359,16774,466,95,0,2,3,f,f,"2017-12-28 04:34:53.843366","2017-12-28 04:34:53.843366"
609,360,16775,1205,5,0,1,0,f,f,"2017-12-28 04:34:53.863809","2017-12-28 04:34:53.863809"
610,360,16775,1205,40,0,2,0,f,f,"2017-12-28 04:34:53.865752","2017-12-28 04:34:53.865752"
611,361,16775,1205,55,0,3,0,f,f,"2017-12-28 04:34:53.869457","2017-12-28 04:34:53.869457"
612,362,16775,1205,92,0,4,0,f,f,"2017-12-28 04:34:53.873434","2017-12-28 04:34:53.873434"
613,363,16776,1214,43,0,1,0,f,f,"2017-12-28 04:34:53.897884","2017-12-28 04:34:53.897884"
614,364,16776,1214,77,0,2,0,f,f,"2017-12-28 04:34:53.905799","2017-12-28 04:34:53.905799"
615,59,16777,857,3,0,0,1,f,f,"2017-12-28 04:34:53.922302","2017-12-28 04:34:53.922302"
616,365,16777,857,86,0,0,2,f,f,"2017-12-28 04:34:53.928520","2017-12-28 04:34:53.928520"
617,68,16778,1205,38,0,0,1,f,f,"2017-12-28 04:34:53.954615","2017-12-28 04:34:53.954615"
618,366,16778,1278,79,0,1,1,f,f,"2017-12-28 04:34:53.973969","2017-12-28 04:34:53.973969"
619,367,16778,1205,89,0,1,2,t,f,"2017-12-28 04:34:53.982916","2017-12-28 04:34:53.982916"
620,60,16778,1278,90,4,2,2,f,f,"2017-12-28 04:34:53.985788","2017-12-28 04:34:53.985788"
621,368,16779,1078,1,0,1,0,f,f,"2017-12-28 04:34:54.007199","2017-12-28 04:34:54.007199"
622,77,16779,1078,63,0,2,0,f,f,"2017-12-28 04:34:54.009581","2017-12-28 04:34:54.009581"
623,89,16781,1207,9,0,1,0,f,f,"2017-12-28 04:34:54.038417","2017-12-28 04:34:54.038417"
624,57,16781,1207,29,0,2,0,f,f,"2017-12-28 04:34:54.041131","2017-12-28 04:34:54.041131"
625,118,16781,1207,73,0,3,0,f,f,"2017-12-28 04:34:54.045361","2017-12-28 04:34:54.045361"
626,369,16782,1214,25,0,0,1,f,f,"2017-12-28 04:34:54.068621","2017-12-28 04:34:54.068621"
627,370,16782,1079,40,0,1,1,f,f,"2017-12-28 04:34:54.072710","2017-12-28 04:34:54.072710"
628,371,16782,1214,82,0,1,2,f,f,"2017-12-28 04:34:54.081149","2017-12-28 04:34:54.081149"
629,372,16782,1079,90,1,2,2,f,f,"2017-12-28 04:34:54.088834","2017-12-28 04:34:54.088834"
630,348,16782,1079,90,3,3,2,f,f,"2017-12-28 04:34:54.092495","2017-12-28 04:34:54.092495"
631,89,16783,1207,7,0,0,1,f,f,"2017-12-28 04:34:54.113992","2017-12-28 04:34:54.113992"
632,373,16783,466,57,0,1,1,f,f,"2017-12-28 04:34:54.118075","2017-12-28 04:34:54.118075"
633,106,16783,466,70,0,2,1,f,f,"2017-12-28 04:34:54.120397","2017-12-28 04:34:54.120397"
634,340,16783,466,72,0,3,1,f,f,"2017-12-28 04:34:54.122364","2017-12-28 04:34:54.122364"
635,89,16783,1207,90,2,3,2,f,f,"2017-12-28 04:34:54.125065","2017-12-28 04:34:54.125065"
636,374,16784,1278,50,0,0,1,f,f,"2017-12-28 04:34:54.144743","2017-12-28 04:34:54.144743"
637,375,16784,1205,71,0,1,1,f,f,"2017-12-28 04:34:54.149286","2017-12-28 04:34:54.149286"
638,7,16785,1078,64,0,0,1,f,f,"2017-12-28 04:34:54.173377","2017-12-28 04:34:54.173377"
639,376,16785,1078,90,1,0,2,f,f,"2017-12-28 04:34:54.181179","2017-12-28 04:34:54.181179"
640,77,16786,1078,25,0,1,0,f,f,"2017-12-28 04:34:54.210239","2017-12-28 04:34:54.210239"
641,339,16786,1078,49,0,2,0,f,f,"2017-12-28 04:34:54.212424","2017-12-28 04:34:54.212424"
642,16,16786,1078,73,0,3,0,f,f,"2017-12-28 04:34:54.215653","2017-12-28 04:34:54.215653"
643,77,16786,1078,82,0,4,0,f,f,"2017-12-28 04:34:54.218592","2017-12-28 04:34:54.218592"
644,370,16787,1079,8,0,1,0,f,f,"2017-12-28 04:34:54.246651","2017-12-28 04:34:54.246651"
645,89,16787,1207,43,0,1,1,f,f,"2017-12-28 04:34:54.248971","2017-12-28 04:34:54.248971"
646,370,16787,1079,50,0,2,1,f,f,"2017-12-28 04:34:54.250711","2017-12-28 04:34:54.250711"
647,370,16787,1079,55,0,3,1,f,f,"2017-12-28 04:34:54.252507","2017-12-28 04:34:54.252507"
648,370,16787,1079,66,0,4,1,t,f,"2017-12-28 04:34:54.254181","2017-12-28 04:34:54.254181"
649,57,16788,1207,83,0,1,0,f,f,"2017-12-28 04:34:54.274938","2017-12-28 04:34:54.274938"
650,345,16788,1207,88,0,2,0,f,f,"2017-12-28 04:34:54.279136","2017-12-28 04:34:54.279136"
651,16,16789,1078,49,0,0,1,f,f,"2017-12-28 04:34:54.300377","2017-12-28 04:34:54.300377"
652,377,16789,1078,72,0,0,2,f,t,"2017-12-28 04:34:54.308763","2017-12-28 04:34:54.308763"
653,77,16789,1078,76,0,0,3,f,f,"2017-12-28 04:34:54.315809","2017-12-28 04:34:54.315809"
654,7,16790,1078,60,0,0,1,f,f,"2017-12-28 04:34:54.344033","2017-12-28 04:34:54.344033"
655,378,16790,1079,68,0,1,1,t,f,"2017-12-28 04:34:54.349365","2017-12-28 04:34:54.349365"
656,16,16790,1078,89,0,1,2,f,f,"2017-12-28 04:34:54.351718","2017-12-28 04:34:54.351718"
657,28,16851,856,60,0,0,1,f,f,"2017-12-28 04:34:55.066834","2017-12-28 04:34:55.066834"
658,379,16851,393,68,0,1,1,t,f,"2017-12-28 04:34:55.070862","2017-12-28 04:34:55.070862"
659,380,16851,856,90,3,1,2,f,f,"2017-12-28 04:34:55.075620","2017-12-28 04:34:55.075620"
660,53,16984,1208,56,0,0,1,f,f,"2017-12-28 04:34:58.494388","2017-12-28 04:34:58.494388"
661,2,16984,1205,71,0,1,1,f,f,"2017-12-28 04:34:58.496109","2017-12-28 04:34:58.496109"
662,381,16985,861,58,0,1,0,f,f,"2017-12-28 04:34:58.517349","2017-12-28 04:34:58.517349"
663,382,16985,1078,67,0,1,1,f,f,"2017-12-28 04:34:58.524526","2017-12-28 04:34:58.524526"
664,383,16986,1207,3,0,1,0,f,f,"2017-12-28 04:34:58.550424","2017-12-28 04:34:58.550424"
665,363,16986,1207,27,0,2,0,f,f,"2017-12-28 04:34:58.552243","2017-12-28 04:34:58.552243"
666,89,16986,1207,57,0,3,0,f,f,"2017-12-28 04:34:58.554293","2017-12-28 04:34:58.554293"
667,352,16987,1278,4,0,1,0,f,f,"2017-12-28 04:34:58.571968","2017-12-28 04:34:58.571968"
668,173,16987,856,27,0,1,1,t,f,"2017-12-28 04:34:58.575159","2017-12-28 04:34:58.575159"
669,104,16987,1278,61,0,2,1,f,t,"2017-12-28 04:34:58.578769","2017-12-28 04:34:58.578769"
670,374,16987,1278,90,3,3,1,f,f,"2017-12-28 04:34:58.581495","2017-12-28 04:34:58.581495"
671,372,16988,1079,24,0,1,0,f,f,"2017-12-28 04:34:58.601558","2017-12-28 04:34:58.601558"
672,372,16988,1079,37,0,2,0,f,f,"2017-12-28 04:34:58.604105","2017-12-28 04:34:58.604105"
673,111,16989,856,32,0,1,0,f,f,"2017-12-28 04:34:58.619217","2017-12-28 04:34:58.619217"
674,49,16989,856,87,0,2,0,f,f,"2017-12-28 04:34:58.621488","2017-12-28 04:34:58.621488"
675,384,16990,1208,5,0,1,0,f,f,"2017-12-28 04:34:58.639123","2017-12-28 04:34:58.639123"
676,385,16991,861,57,0,0,1,f,f,"2017-12-28 04:34:58.658419","2017-12-28 04:34:58.658419"
677,7,16991,1078,59,0,1,1,f,f,"2017-12-28 04:34:58.660594","2017-12-28 04:34:58.660594"
678,77,16991,1078,68,0,2,1,f,f,"2017-12-28 04:34:58.662743","2017-12-28 04:34:58.662743"
679,16,16991,1078,76,0,3,1,f,f,"2017-12-28 04:34:58.665120","2017-12-28 04:34:58.665120"
680,57,16993,1207,19,0,1,0,f,f,"2017-12-28 04:34:58.697580","2017-12-28 04:34:58.697580"
681,345,16994,1207,16,0,0,1,f,f,"2017-12-28 04:34:58.720096","2017-12-28 04:34:58.720096"
682,345,16994,1207,20,0,0,2,f,f,"2017-12-28 04:34:58.722549","2017-12-28 04:34:58.722549"
683,89,16994,1207,34,0,0,3,f,f,"2017-12-28 04:34:58.725478","2017-12-28 04:34:58.725478"
684,89,16994,1207,90,0,0,4,f,f,"2017-12-28 04:34:58.727791","2017-12-28 04:34:58.727791"
685,28,16995,856,36,0,1,0,f,f,"2017-12-28 04:34:58.746816","2017-12-28 04:34:58.746816"
686,386,16995,1208,44,0,1,1,f,f,"2017-12-28 04:34:58.750801","2017-12-28 04:34:58.750801"
687,175,16995,1208,60,0,1,2,t,f,"2017-12-28 04:34:58.753469","2017-12-28 04:34:58.753469"
688,387,16995,1208,72,0,1,3,f,f,"2017-12-28 04:34:58.758457","2017-12-28 04:34:58.758457"
689,53,16996,1208,36,0,0,1,f,f,"2017-12-28 04:34:58.781063","2017-12-28 04:34:58.781063"
690,345,16996,1207,90,3,1,1,f,f,"2017-12-28 04:34:58.783480","2017-12-28 04:34:58.783480"
691,383,16996,1207,110,0,2,1,f,f,"2017-12-28 04:34:58.785180","2017-12-28 04:34:58.785180"
692,1,16996,1207,118,0,3,1,f,f,"2017-12-28 04:34:58.786852","2017-12-28 04:34:58.786852"
693,89,16996,1207,120,0,4,1,t,f,"2017-12-28 04:34:58.788958","2017-12-28 04:34:58.788958"
