id,key,name,synonyms,code,born_at,city_id,state_id,country_id,nationality_id,created_at,updated_at
1,marcelo,Marcelo,,,,,,,,"2017-12-28 04:32:31.244825","2017-12-28 04:32:31.244825"
2,neymar,Neymar,,,,,,,,"2017-12-28 04:32:31.270864","2017-12-28 04:32:31.270864"
3,oscar,Oscar,,,,,,,,"2017-12-28 04:32:31.278393","2017-12-28 04:32:31.278393"
4,oribeperalta,"Oribe Peralta",,,,,,,,"2017-12-28 04:32:31.301135","2017-12-28 04:32:31.301135"
5,ivicaolic,"Ivica Olić",,,,,,,,"2017-12-28 04:32:31.331256","2017-12-28 04:32:31.331256"
6,ivanperisic,"Ivan Perišić",,,,,,,,"2017-12-28 04:32:31.336021","2017-12-28 04:32:31.336021"
7,mariomandzukic,"Mario Mandžukić",,,,,,,,"2017-12-28 04:32:31.339589","2017-12-28 04:32:31.339589"
8,joelmatip,"Joel Matip",,,,,,,,"2017-12-28 04:32:31.367385","2017-12-28 04:32:31.367385"
9,fred,Fred,,,,,,,,"2017-12-28 04:32:31.372881","2017-12-28 04:32:31.372881"
10,fernandinho,Fernandinho,,,,,,,,"2017-12-28 04:32:31.377299","2017-12-28 04:32:31.377299"
11,rafaelmarquez,"Rafael Márquez",,,,,,,,"2017-12-28 04:32:31.398507","2017-12-28 04:32:31.398507"
12,andresguardado,"Andres Guardado",,,,,,,,"2017-12-28 04:32:31.403030","2017-12-28 04:32:31.403030"
13,javierhernandez,"Javier Hernández",,,,,,,,"2017-12-28 04:32:31.406708","2017-12-28 04:32:31.406708"
14,xabialonso,"Xabi Alonso",,,,,,,,"2017-12-28 04:32:31.431057","2017-12-28 04:32:31.431057"
15,robinvanpersie,"Robin Van Persie",,,,,,,,"2017-12-28 04:32:31.435743","2017-12-28 04:32:31.435743"
16,arjenrobben,"Arjen Robben",,,,,,,,"2017-12-28 04:32:31.439441","2017-12-28 04:32:31.439441"
17,stefandevrij,"Stefan De Vrij",,,,,,,,"2017-12-28 04:32:31.444782","2017-12-28 04:32:31.444782"
18,alexissanchez,"Alexis Sánchez",,,,,,,,"2017-12-28 04:32:31.469391","2017-12-28 04:32:31.469391"
19,jorgevaldivia,"Jorge Valdívia",,,,,,,,"2017-12-28 04:32:31.473119","2017-12-28 04:32:31.473119"
20,cahill,Cahill,,,,,,,,"2017-12-28 04:32:31.478163","2017-12-28 04:32:31.478163"
21,jeanbeausejour,"Jean Beausejour",,,,,,,,"2017-12-28 04:32:31.485314","2017-12-28 04:32:31.485314"
22,eduardovargas,"Eduardo Vargas",,,,,,,,"2017-12-28 04:32:31.508274","2017-12-28 04:32:31.508274"
23,charlesaranguiz,"Charles Aránguiz",,,,,,,,"2017-12-28 04:32:31.512891","2017-12-28 04:32:31.512891"
24,timcahill,"Tim Cahill",,,,,,,,"2017-12-28 04:32:31.541181","2017-12-28 04:32:31.541181"
25,milejedinak,"Mile Jedinak",,,,,,,,"2017-12-28 04:32:31.548024","2017-12-28 04:32:31.548024"
26,memphisdepay,"Memphis Depay",,,,,,,,"2017-12-28 04:32:31.563903","2017-12-28 04:32:31.563903"
27,davidvilla,"David Villa",,,,,,,,"2017-12-28 04:32:31.592466","2017-12-28 04:32:31.592466"
28,fernandotorres,"Fernando Torres",,,,,,,,"2017-12-28 04:32:31.599217","2017-12-28 04:32:31.599217"
29,juanmata,"Juan Mata",,,,,,,,"2017-12-28 04:32:31.602975","2017-12-28 04:32:31.602975"
30,leroyfer,"Leroy Fer",,,,,,,,"2017-12-28 04:32:31.627593","2017-12-28 04:32:31.627593"
31,pabloarmero,"Pablo Armero",,,,,,,,"2017-12-28 04:32:31.651791","2017-12-28 04:32:31.651791"
32,teofilogutierrez,"Teofilo Gutiérrez",,,,,,,,"2017-12-28 04:32:31.655366","2017-12-28 04:32:31.655366"
33,jamesrodriguez,"James Rodríguez",,,,,,,,"2017-12-28 04:32:31.658862","2017-12-28 04:32:31.658862"
34,keisukehonda,"Keisuke Honda",,,,,,,,"2017-12-28 04:32:31.677789","2017-12-28 04:32:31.677789"
35,wilfriedbony,"Wilfried Bony",,,,,,,,"2017-12-28 04:32:31.685001","2017-12-28 04:32:31.685001"
36,gervinho,Gervinho,,,,,,,,"2017-12-28 04:32:31.688682","2017-12-28 04:32:31.688682"
37,juanquintero,"Juan Quintero",,,,,,,,"2017-12-28 04:32:31.709026","2017-12-28 04:32:31.709026"
38,juancuadrado,"Juan Cuadrado",,,,,,,,"2017-12-28 04:32:31.736811","2017-12-28 04:32:31.736811"
39,shinjiokazaki,"Shinji Okazaki",,,,,,,,"2017-12-28 04:32:31.741778","2017-12-28 04:32:31.741778"
40,jacksonmartinez,"Jackson Martínez",,,,,,,,"2017-12-28 04:32:31.745336","2017-12-28 04:32:31.745336"
41,andreassamaris,"Andreas Samaris",,,,,,,,"2017-12-28 04:32:31.765695","2017-12-28 04:32:31.765695"
42,georgiossamaras,"Georgios Samaras",,,,,,,,"2017-12-28 04:32:31.771869","2017-12-28 04:32:31.771869"
43,edinsoncavani,"Edinson Cavani",,,,,,,,"2017-12-28 04:32:31.789946","2017-12-28 04:32:31.789946"
44,joelcampbell,"Joel Campbell",,,,,,,,"2017-12-28 04:32:31.793849","2017-12-28 04:32:31.793849"
45,oscarduarte,"Oscar Duarte",,,,,,,,"2017-12-28 04:32:31.797594","2017-12-28 04:32:31.797594"
46,marcosurena,"Marcos Ureña",,,,,,,,"2017-12-28 04:32:31.801162","2017-12-28 04:32:31.801162"
47,claudiomarchisio,"Claudio Marchisio",,,,,,,,"2017-12-28 04:32:31.818039","2017-12-28 04:32:31.818039"
48,danielsturridge,"Daniel Sturridge",,,,,,,,"2017-12-28 04:32:31.821595","2017-12-28 04:32:31.821595"
49,mariobalotelli,"Mario Balotelli",,,,,,,,"2017-12-28 04:32:31.825198","2017-12-28 04:32:31.825198"
50,luissuarez,"Luis Suárez",,,,,,,,"2017-12-28 04:32:31.841283","2017-12-28 04:32:31.841283"
51,waynerooney,"Wayne Rooney",,,,,,,,"2017-12-28 04:32:31.845023","2017-12-28 04:32:31.845023"
52,bryanruiz,"Bryan Ruiz",,,,,,,,"2017-12-28 04:32:31.861591","2017-12-28 04:32:31.861591"
53,diegogodin,"Diego Godín",,,,,,,,"2017-12-28 04:32:31.875991","2017-12-28 04:32:31.875991"
54,ennervalencia,"Enner Valencia",,,,,,,,"2017-12-28 04:32:31.904122","2017-12-28 04:32:31.904122"
55,admirmehmedi,"Admir Mehmedi",,,,,,,,"2017-12-28 04:32:31.907846","2017-12-28 04:32:31.907846"
56,harisseferovic,"Haris Seferović",,,,,,,,"2017-12-28 04:32:31.911511","2017-12-28 04:32:31.911511"
57,karimbenzema,"Karim Benzema",,,,,,,,"2017-12-28 04:32:31.927586","2017-12-28 04:32:31.927586"
58,noelvalladares,"Noel Valladares",,,,,,,,"2017-12-28 04:32:31.931169","2017-12-28 04:32:31.931169"
59,oliviergiroud,"Olivier Giroud",,,,,,,,"2017-12-28 04:32:31.952007","2017-12-28 04:32:31.952007"
60,blaisematuidi,"Blaise Matuidi",,,,,,,,"2017-12-28 04:32:31.955729","2017-12-28 04:32:31.955729"
61,mathieuvalbuena,"Mathieu Valbuena",,,,,,,,"2017-12-28 04:32:31.959158","2017-12-28 04:32:31.959158"
62,moussasissoko,"Moussa Sissoko",,,,,,,,"2017-12-28 04:32:31.965468","2017-12-28 04:32:31.965468"
63,blerimdzemaili,"Blerim Džemaili",,,,,,,,"2017-12-28 04:32:31.970356","2017-12-28 04:32:31.970356"
64,granitxhaka,"Granit Xhaka",,,,,,,,"2017-12-28 04:32:31.974031","2017-12-28 04:32:31.974031"
65,carlocostly,"Carlo Costly",,,,,,,,"2017-12-28 04:32:32.004702","2017-12-28 04:32:32.004702"
66,xherdanshaqiri,"Xherdan Shaqiri",,,,,,,,"2017-12-28 04:32:32.041406","2017-12-28 04:32:32.041406"
67,seadkolasinac,"Sead Kolašinac",,,,,,,,"2017-12-28 04:32:32.087119","2017-12-28 04:32:32.087119"
68,lionelmessi,"Lionel Messi",,,,,,,,"2017-12-28 04:32:32.091771","2017-12-28 04:32:32.091771"
69,vedadibisevic,"Vedad Ibišević",,,,,,,,"2017-12-28 04:32:32.096451","2017-12-28 04:32:32.096451"
70,peterodemwingie,"Peter Odemwingie",,,,,,,,"2017-12-28 04:32:32.145213","2017-12-28 04:32:32.145213"
71,ahmedmusa,"Ahmed Musa",,,,,,,,"2017-12-28 04:32:32.172809","2017-12-28 04:32:32.172809"
72,marcosrojo,"Marcos Rojo",,,,,,,,"2017-12-28 04:32:32.182819","2017-12-28 04:32:32.182819"
73,edindzeko,"Edin Džeko",,,,,,,,"2017-12-28 04:32:32.208615","2017-12-28 04:32:32.208615"
74,miralempjanic,"Miralem Pjanić",,,,,,,,"2017-12-28 04:32:32.214275","2017-12-28 04:32:32.214275"
75,rezaghoochannejhad,"Reza Ghoochannejhad",,,,,,,,"2017-12-28 04:32:32.220617","2017-12-28 04:32:32.220617"
76,avdijavrsajevic,"Avdija Vršajević",,,,,,,,"2017-12-28 04:32:32.225288","2017-12-28 04:32:32.225288"
77,thomasmueller,"Thomas Müller",,,,,,,,"2017-12-28 04:32:32.244103","2017-12-28 04:32:32.244103"
78,matshummels,"Mats Hummels",,,,,,,,"2017-12-28 04:32:32.249245","2017-12-28 04:32:32.249245"
79,clintdempsey,"Clint Dempsey",,,,,,,,"2017-12-28 04:32:32.275428","2017-12-28 04:32:32.275428"
80,andreayew,"André Ayew",,,,,,,,"2017-12-28 04:32:32.280991","2017-12-28 04:32:32.280991"
81,johnbrooks,"John Brooks",,,,,,,,"2017-12-28 04:32:32.286056","2017-12-28 04:32:32.286056"
82,mariogoetze,"Mario Götze",,,,,,,,"2017-12-28 04:32:32.305100","2017-12-28 04:32:32.305100"
83,asamoahgyan,"Asamoah Gyan",,,,,,,,"2017-12-28 04:32:32.310763","2017-12-28 04:32:32.310763"
84,miroslavklose,"Miroslav Klose",,,,,,,,"2017-12-28 04:32:32.315132","2017-12-28 04:32:32.315132"
85,nani,Nani,,,,,,,,"2017-12-28 04:32:32.332998","2017-12-28 04:32:32.332998"
86,jermainejones,"Jermaine Jones",,,,,,,,"2017-12-28 04:32:32.336637","2017-12-28 04:32:32.336637"
87,varela,Varela,,,,,,,,"2017-12-28 04:32:32.341768","2017-12-28 04:32:32.341768"
88,johnboye,"John Boye",,,,,,,,"2017-12-28 04:32:32.370889","2017-12-28 04:32:32.370889"
89,cristianoronaldo,"Cristiano Ronaldo",,,,,,,,"2017-12-28 04:32:32.376028","2017-12-28 04:32:32.376028"
90,sofianefeghouli,"Sofiane Feghouli",,,,,,,,"2017-12-28 04:32:32.392515","2017-12-28 04:32:32.392515"
91,marouanefellaini,"Marouane Fellaini",,,,,,,,"2017-12-28 04:32:32.396151","2017-12-28 04:32:32.396151"
92,driesmertens,"Dries Mertens",,,,,,,,"2017-12-28 04:32:32.399779","2017-12-28 04:32:32.399779"
93,leekeunho,"Lee Keunho",,,,,,,,"2017-12-28 04:32:32.413855","2017-12-28 04:32:32.413855"
94,alexanderkerzhakov,"Alexander Kerzhakov",,,,,,,,"2017-12-28 04:32:32.417965","2017-12-28 04:32:32.417965"
95,divockorigi,"Divock Origi",,,,,,,,"2017-12-28 04:32:32.433206","2017-12-28 04:32:32.433206"
96,islamslimani,"Islam Slimani",,,,,,,,"2017-12-28 04:32:32.454030","2017-12-28 04:32:32.454030"
97,rafikhalliche,"Rafik Halliche",,,,,,,,"2017-12-28 04:32:32.457774","2017-12-28 04:32:32.457774"
98,abdelmoumenedjabou,"Abdelmoumene Djabou",,,,,,,,"2017-12-28 04:32:32.461755","2017-12-28 04:32:32.461755"
99,sonheungmin,"Son Heung Min",,,,,,,,"2017-12-28 04:32:32.467024","2017-12-28 04:32:32.467024"
100,yacinebrahimi,"Yacine Brahimi",,,,,,,,"2017-12-28 04:32:32.470596","2017-12-28 04:32:32.470596"
101,koojacheol,"Koo Jacheol",,,,,,,,"2017-12-28 04:32:32.474140","2017-12-28 04:32:32.474140"
102,janvertonghen,"Jan Vertonghen",,,,,,,,"2017-12-28 04:32:32.490821","2017-12-28 04:32:32.490821"
103,alexanderkokorin,"Alexander Kokorin",,,,,,,,"2017-12-28 04:32:32.507277","2017-12-28 04:32:32.507277"
104,davidluiz,"David Luiz",,,,,,,,"2017-12-28 04:32:32.542158","2017-12-28 04:32:32.542158"
105,giovanidossantos,"Giovani dos Santos",,,,,,,,"2017-12-28 04:32:32.575751","2017-12-28 04:32:32.575751"
106,wesleysneijder,"Wesley Sneijder",,,,,,,,"2017-12-28 04:32:32.580394","2017-12-28 04:32:32.580394"
107,klaasjanhuntelaar,"Klaas Jan Huntelaar",,,,,,,,"2017-12-28 04:32:32.586260","2017-12-28 04:32:32.586260"
108,socratispapastathopoulos,"Socratis Papastathopoulos",,,,,,,,"2017-12-28 04:32:32.602020","2017-12-28 04:32:32.602020"
109,paulpogba,"Paul Pogba",,,,,,,,"2017-12-28 04:32:32.619671","2017-12-28 04:32:32.619671"
110,josephyobo,"Joseph Yobo",,,,,,,,"2017-12-28 04:32:32.624641","2017-12-28 04:32:32.624641"
111,andreschuerrle,"André Schürrle",,,,,,,,"2017-12-28 04:32:32.642620","2017-12-28 04:32:32.642620"
112,mesutoezil,"Mesut Özil",,,,,,,,"2017-12-28 04:32:32.647256","2017-12-28 04:32:32.647256"
113,angeldimaria,"Ángel di María",,,,,,,,"2017-12-28 04:32:32.662246","2017-12-28 04:32:32.662246"
114,kevindebruyne,"Kevin De Bruyne",,,,,,,,"2017-12-28 04:32:32.675118","2017-12-28 04:32:32.675118"
115,romelulukaku,"Romelu Lukaku",,,,,,,,"2017-12-28 04:32:32.678564","2017-12-28 04:32:32.678564"
116,juliangreen,"Julian Green",,,,,,,,"2017-12-28 04:32:32.682799","2017-12-28 04:32:32.682799"
117,thiagosilva,"Thiago Silva",,,,,,,,"2017-12-28 04:32:32.698434","2017-12-28 04:32:32.698434"
118,gonzalohiguain,"Gonzalo Higuaín",,,,,,,,"2017-12-28 04:32:32.730125","2017-12-28 04:32:32.730125"
119,tonikroos,"Toni Kroos",,,,,,,,"2017-12-28 04:32:32.751779","2017-12-28 04:32:32.751779"
120,samikhedira,"Sami Khedira",,,,,,,,"2017-12-28 04:32:32.757026","2017-12-28 04:32:32.757026"
121,andreschuerrle,"Andre Schürrle",,,,,,,,"2017-12-28 04:32:32.760727","2017-12-28 04:32:32.760727"
122,daleyblind,"Daley Blind",,,,,,,,"2017-12-28 04:32:32.787737","2017-12-28 04:32:32.787737"
123,georginiowijnaldum,"Georginio Wijnaldum",,,,,,,,"2017-12-28 04:32:32.791045","2017-12-28 04:32:32.791045"
124,boxall,Boxall,,,,,,,,"2017-12-28 04:32:35.648060","2017-12-28 04:32:35.648060"
125,smolov,Smolov,,,,,,,,"2017-12-28 04:32:35.651726","2017-12-28 04:32:35.651726"
126,quaresma,Quaresma,,,,,,,,"2017-12-28 04:32:35.668185","2017-12-28 04:32:35.668185"
127,cedric,"Cédric",,,,,,,,"2017-12-28 04:32:35.674850","2017-12-28 04:32:35.674850"
128,moreno,Moreno,,,,,,,,"2017-12-28 04:32:35.679464","2017-12-28 04:32:35.679464"
129,wood,Wood,,,,,,,,"2017-12-28 04:32:35.705999","2017-12-28 04:32:35.705999"
130,jimenez,"Jiménez",,,,,,,,"2017-12-28 04:32:35.712522","2017-12-28 04:32:35.712522"
131,samedov,Samedov,,,,,,,,"2017-12-28 04:32:35.730513","2017-12-28 04:32:35.730513"
132,araujo,Araujo,,,,,,,,"2017-12-28 04:32:35.737120","2017-12-28 04:32:35.737120"
133,lozano,Lozano,,,,,,,,"2017-12-28 04:32:35.740812","2017-12-28 04:32:35.740812"
134,bsilva,"B. Silva",,,,,,,,"2017-12-28 04:32:35.762322","2017-12-28 04:32:35.762322"
135,asilva,"A. Silva",,,,,,,,"2017-12-28 04:32:35.769800","2017-12-28 04:32:35.769800"
136,vidal,Vidal,,,,,,,,"2017-12-28 04:32:35.796204","2017-12-28 04:32:35.796204"
137,stindl,Stindl,,,,,,,,"2017-12-28 04:32:35.819141","2017-12-28 04:32:35.819141"
138,rogic,Rogic,,,,,,,,"2017-12-28 04:32:35.822902","2017-12-28 04:32:35.822902"
139,draxler,Draxler,,,,,,,,"2017-12-28 04:32:35.828257","2017-12-28 04:32:35.828257"
140,goretzka,Goretzka,,,,,,,,"2017-12-28 04:32:35.833780","2017-12-28 04:32:35.833780"
141,juric,Juric,,,,,,,,"2017-12-28 04:32:35.837683","2017-12-28 04:32:35.837683"
142,zamboanguissa,"Zambo Anguissa",,,,,,,,"2017-12-28 04:32:35.850431","2017-12-28 04:32:35.850431"
143,milligan,Milligan,,,,,,,,"2017-12-28 04:32:35.853975","2017-12-28 04:32:35.853975"
144,demirbay,Demirbay,,,,,,,,"2017-12-28 04:32:35.889839","2017-12-28 04:32:35.889839"
145,werner,Werner,,,,,,,,"2017-12-28 04:32:35.893498","2017-12-28 04:32:35.893498"
146,aboubakar,Aboubakar,,,,,,,,"2017-12-28 04:32:35.900722","2017-12-28 04:32:35.900722"
147,troisi,Troisi,,,,,,,,"2017-12-28 04:32:35.916614","2017-12-28 04:32:35.916614"
148,fabian,"Fabián",,,,,,,,"2017-12-28 04:32:35.944701","2017-12-28 04:32:35.944701"
149,younes,Younes,,,,,,,,"2017-12-28 04:32:35.948299","2017-12-28 04:32:35.948299"
150,neto,Neto,,,,,,,,"2017-12-28 04:32:35.962222","2017-12-28 04:32:35.962222"
151,pepe,Pepe,,,,,,,,"2017-12-28 04:32:35.967496","2017-12-28 04:32:35.967496"
152,adrien,Adrien,,,,,,,,"2017-12-28 04:32:35.972480","2017-12-28 04:32:35.972480"
153,diomande,Diomande,,,,,,,,"2017-12-28 04:32:40.633097","2017-12-28 04:32:40.633097"
154,mahrez,Mahrez,,,,,,,,"2017-12-28 04:32:40.638005","2017-12-28 04:32:40.638005"
155,snodgrass,Snodgrass,,,,,,,,"2017-12-28 04:32:40.641642","2017-12-28 04:32:40.641642"
156,rondon,Rondon,,,,,,,,"2017-12-28 04:32:40.668795","2017-12-28 04:32:40.668795"
157,barkley,Barkley,,,,,,,,"2017-12-28 04:32:40.683908","2017-12-28 04:32:40.683908"
158,lamela,Lamela,,,,,,,,"2017-12-28 04:32:40.687541","2017-12-28 04:32:40.687541"
159,negredo,Negredo,,,,,,,,"2017-12-28 04:32:40.702595","2017-12-28 04:32:40.702595"
160,capoue,Capoue,,,,,,,,"2017-12-28 04:32:40.720138","2017-12-28 04:32:40.720138"
161,redmond,Redmond,,,,,,,,"2017-12-28 04:32:40.723820","2017-12-28 04:32:40.723820"
162,aguero,Aguero,,,,,,,,"2017-12-28 04:32:40.739040","2017-12-28 04:32:40.739040"
163,defoe,Defoe,,,,,,,,"2017-12-28 04:32:40.742837","2017-12-28 04:32:40.742837"
164,mcnair,McNair,,,,,,,,"2017-12-28 04:32:40.747760","2017-12-28 04:32:40.747760"
165,ibrahimovic,Ibrahimovic,,,,,,,,"2017-12-28 04:32:40.770672","2017-12-28 04:32:40.770672"
166,asmith,"A. Smith",,,,,,,,"2017-12-28 04:32:40.774398","2017-12-28 04:32:40.774398"
167,walcott,Walcott,,,,,,,,"2017-12-28 04:32:40.793843","2017-12-28 04:32:40.793843"
168,coutinho,Coutinho,,,,,,,,"2017-12-28 04:32:40.798877","2017-12-28 04:32:40.798877"
169,lallana,Lallana,,,,,,,,"2017-12-28 04:32:40.802744","2017-12-28 04:32:40.802744"
170,smane,"S. Mané",,,,,,,,"2017-12-28 04:32:40.808141","2017-12-28 04:32:40.808141"
171,oxladechamberlain,Oxlade-Chamberlain,,,,,,,,"2017-12-28 04:32:40.811939","2017-12-28 04:32:40.811939"
172,chambers,Chambers,,,,,,,,"2017-12-28 04:32:40.817059","2017-12-28 04:32:40.817059"
173,hazard,Hazard,,,,,,,,"2017-12-28 04:32:40.837508","2017-12-28 04:32:40.837508"
174,jcollins,"J. Collins",,,,,,,,"2017-12-28 04:32:40.841151","2017-12-28 04:32:40.841151"
175,diegocosta,"Diego Costa",,,,,,,,"2017-12-28 04:32:40.844877","2017-12-28 04:32:40.844877"
176,bojan,Bojan,,,,,,,,"2017-12-28 04:32:40.885369","2017-12-28 04:32:40.885369"
177,nolito,Nolito,,,,,,,,"2017-12-28 04:32:40.889011","2017-12-28 04:32:40.889011"
178,vokes,Vokes,,,,,,,,"2017-12-28 04:32:40.906132","2017-12-28 04:32:40.906132"
179,agray,"A. Gray",,,,,,,,"2017-12-28 04:32:40.910803","2017-12-28 04:32:40.910803"
180,maloney,Maloney,,,,,,,,"2017-12-28 04:32:40.925090","2017-12-28 04:32:40.925090"
181,hernandez,Hernandez,,,,,,,,"2017-12-28 04:32:40.930055","2017-12-28 04:32:40.930055"
182,wanyama,Wanyama,,,,,,,,"2017-12-28 04:32:40.943709","2017-12-28 04:32:40.943709"
183,batshuayi,Batshuayi,,,,,,,,"2017-12-28 04:32:40.961932","2017-12-28 04:32:40.961932"
184,mcauley,McAuley,,,,,,,,"2017-12-28 04:32:40.980327","2017-12-28 04:32:40.980327"
185,mirallas,Mirallas,,,,,,,,"2017-12-28 04:32:40.984057","2017-12-28 04:32:40.984057"
186,barry,Barry,,,,,,,,"2017-12-28 04:32:40.987815","2017-12-28 04:32:40.987815"
187,stuani,Stuani,,,,,,,,"2017-12-28 04:32:41.013810","2017-12-28 04:32:41.013810"
188,vanaanholt,"van Aanholt",,,,,,,,"2017-12-28 04:32:41.019556","2017-12-28 04:32:41.019556"
189,antonio,Antonio,,,,,,,,"2017-12-28 04:32:41.035590","2017-12-28 04:32:41.035590"
190,milner,Milner,,,,,,,,"2017-12-28 04:32:41.052618","2017-12-28 04:32:41.052618"
191,drose,"D. Rose",,,,,,,,"2017-12-28 04:32:41.056260","2017-12-28 04:32:41.056260"
192,willian,Willian,,,,,,,,"2017-12-28 04:32:41.074534","2017-12-28 04:32:41.074534"
193,moses,Moses,,,,,,,,"2017-12-28 04:32:41.078705","2017-12-28 04:32:41.078705"
194,king,King,,,,,,,,"2017-12-28 04:32:41.092638","2017-12-28 04:32:41.092638"
195,dann,Dann,,,,,,,,"2017-12-28 04:32:41.097640","2017-12-28 04:32:41.097640"
196,given,Given,,,,,,,,"2017-12-28 04:32:41.115194","2017-12-28 04:32:41.115194"
197,vardy,Vardy,,,,,,,,"2017-12-28 04:32:41.131586","2017-12-28 04:32:41.131586"
198,wmorgan,"W. Morgan",,,,,,,,"2017-12-28 04:32:41.135333","2017-12-28 04:32:41.135333"
199,rodriguez,Rodriguez,,,,,,,,"2017-12-28 04:32:41.153390","2017-12-28 04:32:41.153390"
200,santicazorla,"Santi Cazorla",,,,,,,,"2017-12-28 04:32:41.171332","2017-12-28 04:32:41.171332"
201,asanchez,"A. Sanchez",,,,,,,,"2017-12-28 04:32:41.174894","2017-12-28 04:32:41.174894"
202,pereyra,Pereyra,,,,,,,,"2017-12-28 04:32:41.181429","2017-12-28 04:32:41.181429"
203,rashford,Rashford,,,,,,,,"2017-12-28 04:32:41.195655","2017-12-28 04:32:41.195655"
204,sterling,Sterling,,,,,,,,"2017-12-28 04:32:41.222087","2017-12-28 04:32:41.222087"
205,iheanacho,Iheanacho,,,,,,,,"2017-12-28 04:32:41.248362","2017-12-28 04:32:41.248362"
206,wilson,Wilson,,,,,,,,"2017-12-28 04:32:41.264651","2017-12-28 04:32:41.264651"
207,pcech,"P. Cech",,,,,,,,"2017-12-28 04:32:41.278873","2017-12-28 04:32:41.278873"
208,koscielny,Koscielny,,,,,,,,"2017-12-28 04:32:41.284771","2017-12-28 04:32:41.284771"
209,defour,Defour,,,,,,,,"2017-12-28 04:32:41.301939","2017-12-28 04:32:41.301939"
210,cbenteke,"C. Benteke",,,,,,,,"2017-12-28 04:32:41.319030","2017-12-28 04:32:41.319030"
211,ayala,Ayala,,,,,,,,"2017-12-28 04:32:41.322858","2017-12-28 04:32:41.322858"
212,zaha,Zaha,,,,,,,,"2017-12-28 04:32:41.326684","2017-12-28 04:32:41.326684"
213,hkane,"H. Kane",,,,,,,,"2017-12-28 04:32:41.350969","2017-12-28 04:32:41.350969"
214,ighalo,Ighalo,,,,,,,,"2017-12-28 04:32:41.371111","2017-12-28 04:32:41.371111"
215,deeney,Deeney,,,,,,,,"2017-12-28 04:32:41.374796","2017-12-28 04:32:41.374796"
216,holebas,Holebas,,,,,,,,"2017-12-28 04:32:41.381976","2017-12-28 04:32:41.381976"
217,robertofirmino,"Roberto Firmino",,,,,,,,"2017-12-28 04:32:41.401499","2017-12-28 04:32:41.401499"
218,gsigurdsson,"G. Sigurdsson",,,,,,,,"2017-12-28 04:32:41.428855","2017-12-28 04:32:41.428855"
219,rlukaku,"R. Lukaku",,,,,,,,"2017-12-28 04:32:41.451526","2017-12-28 04:32:41.451526"
220,mee,Mee,,,,,,,,"2017-12-28 04:32:41.516937","2017-12-28 04:32:41.516937"
221,chadli,Chadli,,,,,,,,"2017-12-28 04:32:41.540815","2017-12-28 04:32:41.540815"
222,mcclean,McClean,,,,,,,,"2017-12-28 04:32:41.549380","2017-12-28 04:32:41.549380"
223,lanzini,Lanzini,,,,,,,,"2017-12-28 04:32:41.556567","2017-12-28 04:32:41.556567"
224,stekelenburg,Stekelenburg,,,,,,,,"2017-12-28 04:32:41.572168","2017-12-28 04:32:41.572168"
225,coleman,Coleman,,,,,,,,"2017-12-28 04:32:41.578902","2017-12-28 04:32:41.578902"
226,zuniga,Zuniga,,,,,,,,"2017-12-28 04:32:41.602846","2017-12-28 04:32:41.602846"
227,tomkins,Tomkins,,,,,,,,"2017-12-28 04:32:41.621988","2017-12-28 04:32:41.621988"
228,mcarthur,McArthur,,,,,,,,"2017-12-28 04:32:41.627788","2017-12-28 04:32:41.627788"
229,atownsend,"A. Townsend",,,,,,,,"2017-12-28 04:32:41.631444","2017-12-28 04:32:41.631444"
230,arnautovic,Arnautovic,,,,,,,,"2017-12-28 04:32:41.635090","2017-12-28 04:32:41.635090"
231,austin,Austin,,,,,,,,"2017-12-28 04:32:41.650691","2017-12-28 04:32:41.650691"
232,smalling,Smalling,,,,,,,,"2017-12-28 04:32:41.684727","2017-12-28 04:32:41.684727"
233,dgray,"D. Gray",,,,,,,,"2017-12-28 04:32:41.695453","2017-12-28 04:32:41.695453"
234,stanislas,Stanislas,,,,,,,,"2017-12-28 04:32:41.709179","2017-12-28 04:32:41.709179"
235,meyler,Meyler,,,,,,,,"2017-12-28 04:32:41.731979","2017-12-28 04:32:41.731979"
236,bgibson,"B. Gibson",,,,,,,,"2017-12-28 04:32:41.755078","2017-12-28 04:32:41.755078"
237,allen,Allen,,,,,,,,"2017-12-28 04:32:41.768844","2017-12-28 04:32:41.768844"
238,ledley,Ledley,,,,,,,,"2017-12-28 04:32:41.791951","2017-12-28 04:32:41.791951"
239,fllorente,"F. Llorente",,,,,,,,"2017-12-28 04:32:41.815600","2017-12-28 04:32:41.815600"
240,tadic,Tadic,,,,,,,,"2017-12-28 04:32:41.854427","2017-12-28 04:32:41.854427"
241,wardprowse,Ward-Prowse,,,,,,,,"2017-12-28 04:32:41.857959","2017-12-28 04:32:41.857959"
242,hendrick,Hendrick,,,,,,,,"2017-12-28 04:32:41.874579","2017-12-28 04:32:41.874579"
243,mkeane,"M. Keane",,,,,,,,"2017-12-28 04:32:41.878199","2017-12-28 04:32:41.878199"
244,success,Success,,,,,,,,"2017-12-28 04:32:41.969315","2017-12-28 04:32:41.969315"
245,payet,Payet,,,,,,,,"2017-12-28 04:32:41.985485","2017-12-28 04:32:41.985485"
246,martial,Martial,,,,,,,,"2017-12-28 04:32:42.001642","2017-12-28 04:32:42.001642"
247,kolarov,Kolarov,,,,,,,,"2017-12-28 04:32:42.023294","2017-12-28 04:32:42.023294"
248,daniels,Daniels,,,,,,,,"2017-12-28 04:32:42.081537","2017-12-28 04:32:42.081537"
249,mason,Mason,,,,,,,,"2017-12-28 04:32:42.085479","2017-12-28 04:32:42.085479"
250,scook,"S Cook",,,,,,,,"2017-12-28 04:32:42.088978","2017-12-28 04:32:42.088978"
251,gosling,Gosling,,,,,,,,"2017-12-28 04:32:42.100585","2017-12-28 04:32:42.100585"
252,baston,"Bastón",,,,,,,,"2017-12-28 04:32:42.127410","2017-12-28 04:32:42.127410"
253,stephanauer,"Stephan Auer",,,,,,,,"2017-12-28 04:33:18.463199","2017-12-28 04:33:18.463199"
254,maximilianwoeber,"Maximilian Wöber",,,,,,,,"2017-12-28 04:33:18.467037","2017-12-28 04:33:18.467037"
255,smailprevljak,"Smail Prevljak",,,,,,,,"2017-12-28 04:33:18.472210","2017-12-28 04:33:18.472210"
256,stefanmaierhofer,"Stefan Maierhofer",,,,,,,,"2017-12-28 04:33:18.475930","2017-12-28 04:33:18.475930"
257,reinholdyabo,"Reinhold Yabo",,,,,,,,"2017-12-28 04:33:18.490002","2017-12-28 04:33:18.490002"
258,takumiminamino,"Takumi Minamino",,,,,,,,"2017-12-28 04:33:18.494163","2017-12-28 04:33:18.494163"
259,brunofelipesouzadasilva,"Bruno Felipe Souza Da Silva",,,,,,,,"2017-12-28 04:33:18.508321","2017-12-28 04:33:18.508321"
260,maximilianullmann,"Maximilian Ullmann",,,,,,,,"2017-12-28 04:33:18.512028","2017-12-28 04:33:18.512028"
261,petermichorl,"Peter Michorl",,,,,,,,"2017-12-28 04:33:18.517017","2017-12-28 04:33:18.517017"
262,johannesaigner,"Johannes Aigner",,,,,,,,"2017-12-28 04:33:18.531365","2017-12-28 04:33:18.531365"
263,kristijandobras,"Kristijan Dobras",,,,,,,,"2017-12-28 04:33:18.536558","2017-12-28 04:33:18.536558"
264,adriangrbic,"Adrian Grbic",,,,,,,,"2017-12-28 04:33:18.540175","2017-12-28 04:33:18.540175"
265,lukasthuerauer,"Lukas Thürauer",,,,,,,,"2017-12-28 04:33:18.555522","2017-12-28 04:33:18.555522"
266,philippzulechner,"Philipp Zulechner",,,,,,,,"2017-12-28 04:33:18.562153","2017-12-28 04:33:18.562153"
267,stefanhierlaender,"Stefan Hierländer",,,,,,,,"2017-12-28 04:33:18.566023","2017-12-28 04:33:18.566023"
268,peterzulj,"Peter Zulj",,,,,,,,"2017-12-28 04:33:18.571878","2017-12-28 04:33:18.571878"
269,schoesswendter,"Schösswendter",,,,,,,,"2017-12-28 04:33:20.989653","2017-12-28 04:33:20.989653"
270,schaub,Schaub,,,,,,,,"2017-12-28 04:33:20.993489","2017-12-28 04:33:20.993489"
271,murg,Murg,,,,,,,,"2017-12-28 04:33:20.999036","2017-12-28 04:33:20.999036"
272,matic,Matic,,,,,,,,"2017-12-28 04:33:21.015275","2017-12-28 04:33:21.015275"
273,schmerboeck,"Schmerböck",,,,,,,,"2017-12-28 04:33:21.020708","2017-12-28 04:33:21.020708"
274,alar,Alar,,,,,,,,"2017-12-28 04:33:21.024479","2017-12-28 04:33:21.024479"
275,gulbrandsen,Gulbrandsen,,,,,,,,"2017-12-28 04:33:21.028339","2017-12-28 04:33:21.028339"
276,oberlin,Oberlin,,,,,,,,"2017-12-28 04:33:21.042362","2017-12-28 04:33:21.042362"
277,kayode,Kayode,,,,,,,,"2017-12-28 04:33:21.058372","2017-12-28 04:33:21.058372"
278,hartl,Hartl,,,,,,,,"2017-12-28 04:33:21.063568","2017-12-28 04:33:21.063568"
279,tajouri,Tajouri,,,,,,,,"2017-12-28 04:33:21.067587","2017-12-28 04:33:21.067587"
280,knasmuellner,"Knasmüllner",,,,,,,,"2017-12-28 04:33:21.079519","2017-12-28 04:33:21.079519"
281,soriano,Soriano,,,,,,,,"2017-12-28 04:33:21.098265","2017-12-28 04:33:21.098265"
282,hellqvist,Hellqvist,,,,,,,,"2017-12-28 04:33:21.102082","2017-12-28 04:33:21.102082"
283,buerger,"Bürger",,,,,,,,"2017-12-28 04:33:21.131685","2017-12-28 04:33:21.131685"
284,venuto,Venuto,,,,,,,,"2017-12-28 04:33:21.135682","2017-12-28 04:33:21.135682"
285,",","(Elf.),",,,,,,,,"2017-12-28 04:33:21.140996","2017-12-28 04:33:21.140996"
286,salomon,Salomon,,,,,,,,"2017-12-28 04:33:21.155142","2017-12-28 04:33:21.155142"
287,spiridonovic,Spiridonovic,,,,,,,,"2017-12-28 04:33:21.172089","2017-12-28 04:33:21.172089"
288,schuetz,"Schütz",,,,,,,,"2017-12-28 04:33:21.176692","2017-12-28 04:33:21.176692"
289,edomwonyi,Edomwonyi,,,,,,,,"2017-12-28 04:33:21.197271","2017-12-28 04:33:21.197271"
290,dabbur,Dabbur,,,,,,,,"2017-12-28 04:33:21.210344","2017-12-28 04:33:21.210344"
291,lainer,Lainer,,,,,,,,"2017-12-28 04:33:21.214064","2017-12-28 04:33:21.214064"
292,grozurek,Grozurek,,,,,,,,"2017-12-28 04:33:21.237358","2017-12-28 04:33:21.237358"
293,huettenbrenner,"Hüttenbrenner",,,,,,,,"2017-12-28 04:33:21.251216","2017-12-28 04:33:21.251216"
294,traustason,Traustason,,,,,,,,"2017-12-28 04:33:21.267691","2017-12-28 04:33:21.267691"
295,grahovac,Grahovac,,,,,,,,"2017-12-28 04:33:21.274773","2017-12-28 04:33:21.274773"
296,joelinton,Joelinton,,,,,,,,"2017-12-28 04:33:21.278999","2017-12-28 04:33:21.278999"
297,bernardo,Bernardo,,,,,,,,"2017-12-28 04:33:21.296631","2017-12-28 04:33:21.296631"
298,vaberisha,"Va. Berisha",,,,,,,,"2017-12-28 04:33:21.301203","2017-12-28 04:33:21.301203"
299,schwab,Schwab,,,,,,,,"2017-12-28 04:33:21.317788","2017-12-28 04:33:21.317788"
300,dovedan,Dovedan,,,,,,,,"2017-12-28 04:33:21.339067","2017-12-28 04:33:21.339067"
301,perlak,Perlak,,,,,,,,"2017-12-28 04:33:21.356275","2017-12-28 04:33:21.356275"
302,nutz,Nutz,,,,,,,,"2017-12-28 04:33:21.359982","2017-12-28 04:33:21.359982"
303,pink,"(Elf.) Pink",,,,,,,,"2017-12-28 04:33:21.365159","2017-12-28 04:33:21.365159"
304,huspek,Huspek,,,,,,,,"2017-12-28 04:33:21.386328","2017-12-28 04:33:21.386328"
305,filipovic,Filipovic,,,,,,,,"2017-12-28 04:33:21.390296","2017-12-28 04:33:21.390296"
306,spendlhofer,Spendlhofer,,,,,,,,"2017-12-28 04:33:21.410669","2017-12-28 04:33:21.410669"
307,segovia,Segovia,,,,,,,,"2017-12-28 04:33:21.415686","2017-12-28 04:33:21.415686"
308,roecher,"Röcher",,,,,,,,"2017-12-28 04:33:21.434643","2017-12-28 04:33:21.434643"
309,schoesswendter,"Schößwendter",,,,,,,,"2017-12-28 04:33:21.464399","2017-12-28 04:33:21.464399"
310,prosenik,Prosenik,,,,,,,,"2017-12-28 04:33:21.471816","2017-12-28 04:33:21.471816"
311,friesenbichler,Friesenbichler,,,,,,,,"2017-12-28 04:33:21.493736","2017-12-28 04:33:21.493736"
312,cschulz,"C. Schulz",,,,,,,,"2017-12-28 04:33:21.516165","2017-12-28 04:33:21.516165"
313,topcagic,Topcagic,,,,,,,,"2017-12-28 04:33:21.542722","2017-12-28 04:33:21.542722"
314,mahrer,Mahrer,,,,,,,,"2017-12-28 04:33:21.558975","2017-12-28 04:33:21.558975"
315,honsak,Honsak,,,,,,,,"2017-12-28 04:33:21.582994","2017-12-28 04:33:21.582994"
316,szanto,Szanto,,,,,,,,"2017-12-28 04:33:21.600796","2017-12-28 04:33:21.600796"
317,holzhauser,Holzhauser,,,,,,,,"2017-12-28 04:33:21.619030","2017-12-28 04:33:21.619030"
318,agruenwald,"A. Grünwald",,,,,,,,"2017-12-28 04:33:21.622665","2017-12-28 04:33:21.622665"
319,zivotic,Zivotic,,,,,,,,"2017-12-28 04:33:21.640175","2017-12-28 04:33:21.640175"
320,walch,Walch,,,,,,,,"2017-12-28 04:33:21.659917","2017-12-28 04:33:21.659917"
321,dober,Dober,,,,,,,,"2017-12-28 04:33:21.665578","2017-12-28 04:33:21.665578"
322,ademi,Ademi,,,,,,,,"2017-12-28 04:33:21.669320","2017-12-28 04:33:21.669320"
323,paulomiranda,"Paulo Miranda",,,,,,,,"2017-12-28 04:33:21.689873","2017-12-28 04:33:21.689873"
324,ngwatmahop,Ngwat-Mahop,,,,,,,,"2017-12-28 04:33:21.719332","2017-12-28 04:33:21.719332"
325,perchtold,Perchtold,,,,,,,,"2017-12-28 04:33:21.750715","2017-12-28 04:33:21.750715"
326,sanogo,Sanogo,,,,,,,,"2017-12-28 04:33:21.754641","2017-12-28 04:33:21.754641"
327,wanderson,Wanderson,,,,,,,,"2017-12-28 04:33:21.778145","2017-12-28 04:33:21.778145"
328,pavelic,Pavelic,,,,,,,,"2017-12-28 04:33:21.796291","2017-12-28 04:33:21.796291"
329,petrovic,Petrovic,,,,,,,,"2017-12-28 04:33:21.815825","2017-12-28 04:33:21.815825"
330,sax,Sax,,,,,,,,"2017-12-28 04:33:21.829077","2017-12-28 04:33:21.829077"
331,monschein,Monschein,,,,,,,,"2017-12-28 04:33:21.835449","2017-12-28 04:33:21.835449"
332,grgic,Grgic,,,,,,,,"2017-12-28 04:33:21.864165","2017-12-28 04:33:21.864165"
333,moumingamaleu,"Moumi Ngamaleu",,,,,,,,"2017-12-28 04:33:21.890887","2017-12-28 04:33:21.890887"
334,wernitznig,Wernitznig,,,,,,,,"2017-12-28 04:33:21.895140","2017-12-28 04:33:21.895140"
335,reifeltshammer,Reifeltshammer,,,,,,,,"2017-12-28 04:33:21.942252","2017-12-28 04:33:21.942252"
336,lumu,Lumu,,,,,,,,"2017-12-28 04:33:21.963690","2017-12-28 04:33:21.963690"
337,serbest,Serbest,,,,,,,,"2017-12-28 04:33:21.968955","2017-12-28 04:33:21.968955"
338,ribery,"Ribéry",,,,,,,,"2017-12-28 04:34:51.854983","2017-12-28 04:34:51.854983"
339,gomez,"Gómez",,,,,,,,"2017-12-28 04:34:51.862155","2017-12-28 04:34:51.862155"
340,drogba,Drogba,,,,,,,,"2017-12-28 04:34:51.880399","2017-12-28 04:34:51.880399"
341,busquets,Busquets,,,,,,,,"2017-12-28 04:34:51.900049","2017-12-28 04:34:51.900049"
342,iniesta,Iniesta,,,,,,,,"2017-12-28 04:34:51.910329","2017-12-28 04:34:51.910329"
343,ramires,Ramires,,,,,,,,"2017-12-28 04:34:51.915311","2017-12-28 04:34:51.915311"
344,falcao,Falcao,,,,,,,,"2017-12-28 04:34:52.104977","2017-12-28 04:34:52.104977"
345,sramos,"S. Ramos",,,,,,,,"2017-12-28 04:34:53.706043","2017-12-28 04:34:53.706043"
346,lmodric,"L. Modric",,,,,,,,"2017-12-28 04:34:53.712332","2017-12-28 04:34:53.712332"
347,cronaldo,"C. Ronaldo",,,,,,,,"2017-12-28 04:34:53.716442","2017-12-28 04:34:53.716442"
348,fsantana,"F. Santana",,,,,,,,"2017-12-28 04:34:53.736928","2017-12-28 04:34:53.736928"
349,mgoetze,"M. Götze",,,,,,,,"2017-12-28 04:34:53.744570","2017-12-28 04:34:53.744570"
350,jblaszczykowski,"J. Blaszczykowski",,,,,,,,"2017-12-28 04:34:53.752639","2017-12-28 04:34:53.752639"
351,jonas,Jonas,,,,,,,,"2017-12-28 04:34:53.776079","2017-12-28 04:34:53.776079"
352,elavezzi,"E. Lavezzi",,,,,,,,"2017-12-28 04:34:53.779787","2017-12-28 04:34:53.779787"
353,amatri,"A. Matri",,,,,,,,"2017-12-28 04:34:53.798900","2017-12-28 04:34:53.798900"
354,fquagliarella,"F. Quagliarella",,,,,,,,"2017-12-28 04:34:53.802826","2017-12-28 04:34:53.802826"
355,rneustaedter,"R. Neustädter",,,,,,,,"2017-12-28 04:34:53.823078","2017-12-28 04:34:53.823078"
356,hamitaltintop,"Hamit Altintop",,,,,,,,"2017-12-28 04:34:53.828951","2017-12-28 04:34:53.828951"
357,burakyilmaz,"Burak Yilmaz",,,,,,,,"2017-12-28 04:34:53.832722","2017-12-28 04:34:53.832722"
358,mbastos,"M. Bastos",,,,,,,,"2017-12-28 04:34:53.836642","2017-12-28 04:34:53.836642"
359,ubulut,"U. Bulut",,,,,,,,"2017-12-28 04:34:53.840612","2017-12-28 04:34:53.840612"
360,lmessi,"L. Messi",,,,,,,,"2017-12-28 04:34:53.862578","2017-12-28 04:34:53.862578"
361,dvilla,"D. Villa",,,,,,,,"2017-12-28 04:34:53.868392","2017-12-28 04:34:53.868392"
362,jordialba,"Jordi Alba",,,,,,,,"2017-12-28 04:34:53.872169","2017-12-28 04:34:53.872169"
363,isco,Isco,,,,,,,,"2017-12-28 04:34:53.896127","2017-12-28 04:34:53.896127"
364,rsantacruz,"R. Santa Cruz",,,,,,,,"2017-12-28 04:34:53.903538","2017-12-28 04:34:53.903538"
365,lkoscielny,"L. Koscielny",,,,,,,,"2017-12-28 04:34:53.927269","2017-12-28 04:34:53.927269"
366,ibrahimovic,"Ibrahimović",,,,,,,,"2017-12-28 04:34:53.962997","2017-12-28 04:34:53.962997"
367,xavi,Xavi,,,,,,,,"2017-12-28 04:34:53.981375","2017-12-28 04:34:53.981375"
368,alaba,Alaba,,,,,,,,"2017-12-28 04:34:54.005858","2017-12-28 04:34:54.005858"
369,joaquin,"Joaquín",,,,,,,,"2017-12-28 04:34:54.067350","2017-12-28 04:34:54.067350"
370,lewandowski,Lewandowski,,,,,,,,"2017-12-28 04:34:54.071383","2017-12-28 04:34:54.071383"
371,eliseu,Eliseu,,,,,,,,"2017-12-28 04:34:54.079220","2017-12-28 04:34:54.079220"
372,reus,Reus,,,,,,,,"2017-12-28 04:34:54.085571","2017-12-28 04:34:54.085571"
373,eboue,"Eboué",,,,,,,,"2017-12-28 04:34:54.116832","2017-12-28 04:34:54.116832"
374,pastore,Pastore,,,,,,,,"2017-12-28 04:34:54.143504","2017-12-28 04:34:54.143504"
375,pedro,Pedro,,,,,,,,"2017-12-28 04:34:54.148044","2017-12-28 04:34:54.148044"
376,pizarro,Pizarro,,,,,,,,"2017-12-28 04:34:54.179799","2017-12-28 04:34:54.179799"
377,pique,"Piqué",,,,,,,,"2017-12-28 04:34:54.304688","2017-12-28 04:34:54.304688"
378,guendogan,"Gündoğan",,,,,,,,"2017-12-28 04:34:54.348187","2017-12-28 04:34:54.348187"
379,cardozo,Cardozo,,,,,,,,"2017-12-28 04:34:55.069633","2017-12-28 04:34:55.069633"
380,ivanovic,"Ivanović",,,,,,,,"2017-12-28 04:34:55.073813","2017-12-28 04:34:55.073813"
381,vidic,"Vidić",,,,,,,,"2017-12-28 04:34:58.514435","2017-12-28 04:34:58.514435"
382,schweinsteiger,Schweinsteiger,,,,,,,,"2017-12-28 04:34:58.522559","2017-12-28 04:34:58.522559"
383,bale,Bale,,,,,,,,"2017-12-28 04:34:58.549067","2017-12-28 04:34:58.549067"
384,koke,Koke,,,,,,,,"2017-12-28 04:34:58.637996","2017-12-28 04:34:58.637996"
385,evra,Evra,,,,,,,,"2017-12-28 04:34:58.656938","2017-12-28 04:34:58.656938"
386,adrian,"Adrián",,,,,,,,"2017-12-28 04:34:58.749694","2017-12-28 04:34:58.749694"
387,turan,Turan,,,,,,,,"2017-12-28 04:34:58.756738","2017-12-28 04:34:58.756738"
