id,name,kind,lat,lng,created_at,updated_at
1,Europe,CONT,,,"2017-12-28 04:32:12.737708","2017-12-28 04:32:12.737708"
2,"South America",CONT,,,"2017-12-28 04:32:12.740088","2017-12-28 04:32:12.740088"
3,"North America",CONT,,,"2017-12-28 04:32:12.742134","2017-12-28 04:32:12.742134"
4,"Central America",CONT,,,"2017-12-28 04:32:12.744804","2017-12-28 04:32:12.744804"
5,Caribbean,CONT,,,"2017-12-28 04:32:12.748378","2017-12-28 04:32:12.748378"
6,Africa,CONT,,,"2017-12-28 04:32:12.750547","2017-12-28 04:32:12.750547"
7,"Middle East",CONT,,,"2017-12-28 04:32:12.752543","2017-12-28 04:32:12.752543"
8,Asia,CONT,,,"2017-12-28 04:32:12.754319","2017-12-28 04:32:12.754319"
9,Pacific,CONT,,,"2017-12-28 04:32:12.756104","2017-12-28 04:32:12.756104"
10,Antarctica,CONT,,,"2017-12-28 04:32:12.757855","2017-12-28 04:32:12.757855"
11,Burundi,CNTY,,,"2017-12-28 04:32:12.785018","2017-12-28 04:32:12.785018"
12,Bujumbura,CITY,,,"2017-12-28 04:32:12.800627","2017-12-28 04:32:12.800627"
13,Comoros,CNTY,,,"2017-12-28 04:32:12.843166","2017-12-28 04:32:12.843166"
14,Moroni,CITY,,,"2017-12-28 04:32:12.846217","2017-12-28 04:32:12.846217"
15,Djibouti,CNTY,,,"2017-12-28 04:32:12.854232","2017-12-28 04:32:12.854232"
16,Djibouti,CITY,,,"2017-12-28 04:32:12.856515","2017-12-28 04:32:12.856515"
17,Eritrea,CNTY,,,"2017-12-28 04:32:12.864350","2017-12-28 04:32:12.864350"
18,Asmara,CITY,,,"2017-12-28 04:32:12.868333","2017-12-28 04:32:12.868333"
19,Ethiopia,CNTY,,,"2017-12-28 04:32:12.874133","2017-12-28 04:32:12.874133"
20,"Addis Ababa",CITY,,,"2017-12-28 04:32:12.876455","2017-12-28 04:32:12.876455"
21,Kenya,CNTY,,,"2017-12-28 04:32:12.885209","2017-12-28 04:32:12.885209"
22,Nairobi,CITY,,,"2017-12-28 04:32:12.887519","2017-12-28 04:32:12.887519"
23,Madagascar,CNTY,,,"2017-12-28 04:32:12.893648","2017-12-28 04:32:12.893648"
24,Antananarivo,CITY,,,"2017-12-28 04:32:12.899359","2017-12-28 04:32:12.899359"
25,Malawi,CNTY,,,"2017-12-28 04:32:12.905685","2017-12-28 04:32:12.905685"
26,Lilongwe,CITY,,,"2017-12-28 04:32:12.907993","2017-12-28 04:32:12.907993"
27,Mauritius,CNTY,,,"2017-12-28 04:32:12.916193","2017-12-28 04:32:12.916193"
28,"Port Louis",CITY,,,"2017-12-28 04:32:12.918934","2017-12-28 04:32:12.918934"
29,Mozambique,CNTY,,,"2017-12-28 04:32:12.924775","2017-12-28 04:32:12.924775"
30,Maputo,CITY,,,"2017-12-28 04:32:12.927867","2017-12-28 04:32:12.927867"
31,Rwanda,CNTY,,,"2017-12-28 04:32:12.936540","2017-12-28 04:32:12.936540"
32,Kigali,CITY,,,"2017-12-28 04:32:12.938963","2017-12-28 04:32:12.938963"
33,Seychelles,CNTY,,,"2017-12-28 04:32:12.945454","2017-12-28 04:32:12.945454"
34,Victoria,CITY,,,"2017-12-28 04:32:12.949705","2017-12-28 04:32:12.949705"
35,Somalia,CNTY,,,"2017-12-28 04:32:12.955772","2017-12-28 04:32:12.955772"
36,Mogadishu,CITY,,,"2017-12-28 04:32:12.958484","2017-12-28 04:32:12.958484"
37,Tanzania,CNTY,,,"2017-12-28 04:32:12.969061","2017-12-28 04:32:12.969061"
38,Dodoma,CITY,,,"2017-12-28 04:32:12.971359","2017-12-28 04:32:12.971359"
39,Uganda,CNTY,,,"2017-12-28 04:32:12.977938","2017-12-28 04:32:12.977938"
40,Kampala,CITY,,,"2017-12-28 04:32:12.980865","2017-12-28 04:32:12.980865"
41,Zambia,CNTY,,,"2017-12-28 04:32:12.988806","2017-12-28 04:32:12.988806"
42,Lusaka,CITY,,,"2017-12-28 04:32:12.991078","2017-12-28 04:32:12.991078"
43,Zimbabwe,CNTY,,,"2017-12-28 04:32:13.001191","2017-12-28 04:32:13.001191"
44,Harare,CITY,,,"2017-12-28 04:32:13.003582","2017-12-28 04:32:13.003582"
45,Angola,CNTY,,,"2017-12-28 04:32:13.009295","2017-12-28 04:32:13.009295"
46,Luanda,CITY,,,"2017-12-28 04:32:13.013876","2017-12-28 04:32:13.013876"
47,Cameroon,CNTY,,,"2017-12-28 04:32:13.021481","2017-12-28 04:32:13.021481"
48,"Yaoundé",CITY,,,"2017-12-28 04:32:13.023838","2017-12-28 04:32:13.023838"
49,"Central African Republic",CNTY,,,"2017-12-28 04:32:13.033915","2017-12-28 04:32:13.033915"
50,Bangui,CITY,,,"2017-12-28 04:32:13.037022","2017-12-28 04:32:13.037022"
51,Chad,CNTY,,,"2017-12-28 04:32:13.044346","2017-12-28 04:32:13.044346"
52,"N'Djamena",CITY,,,"2017-12-28 04:32:13.047252","2017-12-28 04:32:13.047252"
53,Congo,CNTY,,,"2017-12-28 04:32:13.055739","2017-12-28 04:32:13.055739"
54,Brazzaville,CITY,,,"2017-12-28 04:32:13.058872","2017-12-28 04:32:13.058872"
55,"Congo DR",CNTY,,,"2017-12-28 04:32:13.068070","2017-12-28 04:32:13.068070"
56,Kinshasa,CITY,,,"2017-12-28 04:32:13.070498","2017-12-28 04:32:13.070498"
57,"Equatorial Guinea",CNTY,,,"2017-12-28 04:32:13.076554","2017-12-28 04:32:13.076554"
58,Malabo,CITY,,,"2017-12-28 04:32:13.079883","2017-12-28 04:32:13.079883"
59,Gabon,CNTY,,,"2017-12-28 04:32:13.088415","2017-12-28 04:32:13.088415"
60,Libreville,CITY,,,"2017-12-28 04:32:13.091830","2017-12-28 04:32:13.091830"
61,"São Tomé and Príncipe",CNTY,,,"2017-12-28 04:32:13.100848","2017-12-28 04:32:13.100848"
62,"São Tomé",CITY,,,"2017-12-28 04:32:13.103311","2017-12-28 04:32:13.103311"
63,Algeria,CNTY,,,"2017-12-28 04:32:13.109037","2017-12-28 04:32:13.109037"
64,Egypt,CNTY,,,"2017-12-28 04:32:13.117491","2017-12-28 04:32:13.117491"
65,Morocco,CNTY,,,"2017-12-28 04:32:13.123877","2017-12-28 04:32:13.123877"
66,Libya,CNTY,,,"2017-12-28 04:32:13.130174","2017-12-28 04:32:13.130174"
67,Tunisia,CNTY,,,"2017-12-28 04:32:13.137706","2017-12-28 04:32:13.137706"
68,"South Sudan",CNTY,,,"2017-12-28 04:32:13.143024","2017-12-28 04:32:13.143024"
69,Juba,CITY,,,"2017-12-28 04:32:13.146245","2017-12-28 04:32:13.146245"
70,Sudan,CNTY,,,"2017-12-28 04:32:13.155178","2017-12-28 04:32:13.155178"
71,Khartoum,CITY,,,"2017-12-28 04:32:13.157904","2017-12-28 04:32:13.157904"
72,"South Africa",CNTY,,,"2017-12-28 04:32:13.165207","2017-12-28 04:32:13.165207"
73,Botswana,CNTY,,,"2017-12-28 04:32:13.171374","2017-12-28 04:32:13.171374"
74,Gaborone,CITY,,,"2017-12-28 04:32:13.173728","2017-12-28 04:32:13.173728"
75,Lesotho,CNTY,,,"2017-12-28 04:32:13.180123","2017-12-28 04:32:13.180123"
76,Maseru,CITY,,,"2017-12-28 04:32:13.184673","2017-12-28 04:32:13.184673"
77,Namibia,CNTY,,,"2017-12-28 04:32:13.191581","2017-12-28 04:32:13.191581"
78,Windhoek,CITY,,,"2017-12-28 04:32:13.200682","2017-12-28 04:32:13.200682"
79,Swaziland,CNTY,,,"2017-12-28 04:32:13.207371","2017-12-28 04:32:13.207371"
80,Lobamba,CITY,,,"2017-12-28 04:32:13.210092","2017-12-28 04:32:13.210092"
81,Benin,CNTY,,,"2017-12-28 04:32:13.219333","2017-12-28 04:32:13.219333"
82,Porto-Novo,CITY,,,"2017-12-28 04:32:13.222313","2017-12-28 04:32:13.222313"
83,"Burkina Faso",CNTY,,,"2017-12-28 04:32:13.228737","2017-12-28 04:32:13.228737"
84,Ouagadougou,CITY,,,"2017-12-28 04:32:13.233253","2017-12-28 04:32:13.233253"
85,"Cape Verde",CNTY,,,"2017-12-28 04:32:13.240535","2017-12-28 04:32:13.240535"
86,Praia,CITY,,,"2017-12-28 04:32:13.242937","2017-12-28 04:32:13.242937"
87,"Côte d'Ivoire",CNTY,,,"2017-12-28 04:32:13.253014","2017-12-28 04:32:13.253014"
88,Gambia,CNTY,,,"2017-12-28 04:32:13.258570","2017-12-28 04:32:13.258570"
89,Ghana,CNTY,,,"2017-12-28 04:32:13.267521","2017-12-28 04:32:13.267521"
90,Guinea,CNTY,,,"2017-12-28 04:32:13.272876","2017-12-28 04:32:13.272876"
91,Conakry,CITY,,,"2017-12-28 04:32:13.275314","2017-12-28 04:32:13.275314"
92,Guinea-Bissau,CNTY,,,"2017-12-28 04:32:13.285631","2017-12-28 04:32:13.285631"
93,Bissau,CITY,,,"2017-12-28 04:32:13.289643","2017-12-28 04:32:13.289643"
94,Liberia,CNTY,,,"2017-12-28 04:32:13.301129","2017-12-28 04:32:13.301129"
95,Monrovia,CITY,,,"2017-12-28 04:32:13.305357","2017-12-28 04:32:13.305357"
96,Mali,CNTY,,,"2017-12-28 04:32:13.317438","2017-12-28 04:32:13.317438"
97,Bamako,CITY,,,"2017-12-28 04:32:13.321838","2017-12-28 04:32:13.321838"
98,Mauritania,CNTY,,,"2017-12-28 04:32:13.334344","2017-12-28 04:32:13.334344"
99,Niger,CNTY,,,"2017-12-28 04:32:13.342116","2017-12-28 04:32:13.342116"
100,Niamey,CITY,,,"2017-12-28 04:32:13.346565","2017-12-28 04:32:13.346565"
101,Nigeria,CNTY,,,"2017-12-28 04:32:13.358145","2017-12-28 04:32:13.358145"
102,Senegal,CNTY,,,"2017-12-28 04:32:13.368223","2017-12-28 04:32:13.368223"
103,Dakar,CITY,,,"2017-12-28 04:32:13.371555","2017-12-28 04:32:13.371555"
104,"Sierra Leone",CNTY,,,"2017-12-28 04:32:13.379220","2017-12-28 04:32:13.379220"
105,Freetown,CITY,,,"2017-12-28 04:32:13.383917","2017-12-28 04:32:13.383917"
106,Togo,CNTY,,,"2017-12-28 04:32:13.391334","2017-12-28 04:32:13.391334"
107,"Lomé",CITY,,,"2017-12-28 04:32:13.394219","2017-12-28 04:32:13.394219"
108,Antarctica,CNTY,,,"2017-12-28 04:32:13.403085","2017-12-28 04:32:13.403085"
109,Kazakhstan,CNTY,,,"2017-12-28 04:32:13.410149","2017-12-28 04:32:13.410149"
110,Astana,CITY,,,"2017-12-28 04:32:13.413104","2017-12-28 04:32:13.413104"
111,Kyrgyzstan,CNTY,,,"2017-12-28 04:32:13.422812","2017-12-28 04:32:13.422812"
112,Bishkek,CITY,,,"2017-12-28 04:32:13.425228","2017-12-28 04:32:13.425228"
113,Tajikistan,CNTY,,,"2017-12-28 04:32:13.433981","2017-12-28 04:32:13.433981"
114,Dushanbe,CITY,,,"2017-12-28 04:32:13.436446","2017-12-28 04:32:13.436446"
115,Turkmenistan,CNTY,,,"2017-12-28 04:32:13.442210","2017-12-28 04:32:13.442210"
116,Ashgabat,CITY,,,"2017-12-28 04:32:13.445596","2017-12-28 04:32:13.445596"
117,Uzbekistan,CNTY,,,"2017-12-28 04:32:13.454353","2017-12-28 04:32:13.454353"
118,Tashkent,CITY,,,"2017-12-28 04:32:13.456759","2017-12-28 04:32:13.456759"
119,Japan,CNTY,,,"2017-12-28 04:32:13.463245","2017-12-28 04:32:13.463245"
120,Tokyo,CITY,,,"2017-12-28 04:32:13.467306","2017-12-28 04:32:13.467306"
121,"North Korea",CNTY,,,"2017-12-28 04:32:13.472989","2017-12-28 04:32:13.472989"
122,Pyongyang,CITY,,,"2017-12-28 04:32:13.475524","2017-12-28 04:32:13.475524"
123,"South Korea",CNTY,,,"2017-12-28 04:32:13.482209","2017-12-28 04:32:13.482209"
124,Seoul,CITY,,,"2017-12-28 04:32:13.485847","2017-12-28 04:32:13.485847"
125,China,CNTY,,,"2017-12-28 04:32:13.491679","2017-12-28 04:32:13.491679"
126,Beijing,CITY,,,"2017-12-28 04:32:13.494101","2017-12-28 04:32:13.494101"
127,Taiwan,CNTY,,,"2017-12-28 04:32:13.501354","2017-12-28 04:32:13.501354"
128,Taipei,CITY,,,"2017-12-28 04:32:13.503828","2017-12-28 04:32:13.503828"
129,Mongolia,CNTY,,,"2017-12-28 04:32:13.509727","2017-12-28 04:32:13.509727"
130,"Ulan Bator",CITY,,,"2017-12-28 04:32:13.513543","2017-12-28 04:32:13.513543"
131,Pakistan,CNTY,,,"2017-12-28 04:32:13.520730","2017-12-28 04:32:13.520730"
132,Islamabad,CITY,,,"2017-12-28 04:32:13.522999","2017-12-28 04:32:13.522999"
133,India,CNTY,,,"2017-12-28 04:32:13.529060","2017-12-28 04:32:13.529060"
134,"New Delhi",CITY,,,"2017-12-28 04:32:13.532590","2017-12-28 04:32:13.532590"
135,Bangladesh,CNTY,,,"2017-12-28 04:32:13.538586","2017-12-28 04:32:13.538586"
136,Dhaka,CITY,,,"2017-12-28 04:32:13.540905","2017-12-28 04:32:13.540905"
137,Nepal,CNTY,,,"2017-12-28 04:32:13.547560","2017-12-28 04:32:13.547560"
138,Kathmandu,CITY,,,"2017-12-28 04:32:13.551019","2017-12-28 04:32:13.551019"
139,"Sri Lanka",CNTY,,,"2017-12-28 04:32:13.557293","2017-12-28 04:32:13.557293"
140,Colombo,CITY,,,"2017-12-28 04:32:13.559765","2017-12-28 04:32:13.559765"
141,Bhutan,CNTY,,,"2017-12-28 04:32:13.567052","2017-12-28 04:32:13.567052"
142,Thimphu,CITY,,,"2017-12-28 04:32:13.569344","2017-12-28 04:32:13.569344"
143,Maldives,CNTY,,,"2017-12-28 04:32:13.574842","2017-12-28 04:32:13.574842"
144,"Malé",CITY,,,"2017-12-28 04:32:13.577580","2017-12-28 04:32:13.577580"
145,Afghanistan,CNTY,,,"2017-12-28 04:32:13.584625","2017-12-28 04:32:13.584625"
146,Kabul,CITY,,,"2017-12-28 04:32:13.586818","2017-12-28 04:32:13.586818"
147,Indonesia,CNTY,,,"2017-12-28 04:32:13.592307","2017-12-28 04:32:13.592307"
148,Jakarta,CITY,,,"2017-12-28 04:32:13.594534","2017-12-28 04:32:13.594534"
149,Malaysia,CNTY,,,"2017-12-28 04:32:13.601058","2017-12-28 04:32:13.601058"
150,"Kuala Lumpur",CITY,,,"2017-12-28 04:32:13.607373","2017-12-28 04:32:13.607373"
151,Singapore,CNTY,,,"2017-12-28 04:32:13.614953","2017-12-28 04:32:13.614953"
152,Singapore,CITY,,,"2017-12-28 04:32:13.618148","2017-12-28 04:32:13.618148"
153,Thailand,CNTY,,,"2017-12-28 04:32:13.624165","2017-12-28 04:32:13.624165"
154,Bangkok,CITY,,,"2017-12-28 04:32:13.626666","2017-12-28 04:32:13.626666"
155,Philippines,CNTY,,,"2017-12-28 04:32:13.633615","2017-12-28 04:32:13.633615"
156,Manila,CITY,,,"2017-12-28 04:32:13.635906","2017-12-28 04:32:13.635906"
157,Vietnam,CNTY,,,"2017-12-28 04:32:13.641765","2017-12-28 04:32:13.641765"
158,Hanoi,CITY,,,"2017-12-28 04:32:13.644772","2017-12-28 04:32:13.644772"
159,Brunei,CNTY,,,"2017-12-28 04:32:13.652100","2017-12-28 04:32:13.652100"
160,"Bandar Seri Begawan",CITY,,,"2017-12-28 04:32:13.654428","2017-12-28 04:32:13.654428"
161,Myanmar,CNTY,,,"2017-12-28 04:32:13.660259","2017-12-28 04:32:13.660259"
162,Naypyidaw,CITY,,,"2017-12-28 04:32:13.662632","2017-12-28 04:32:13.662632"
163,Cambodia,CNTY,,,"2017-12-28 04:32:13.669682","2017-12-28 04:32:13.669682"
164,"Phnom Penh",CITY,,,"2017-12-28 04:32:13.672005","2017-12-28 04:32:13.672005"
165,Timor-Leste,CNTY,,,"2017-12-28 04:32:13.678700","2017-12-28 04:32:13.678700"
166,Dili,CITY,,,"2017-12-28 04:32:13.683227","2017-12-28 04:32:13.683227"
167,Laos,CNTY,,,"2017-12-28 04:32:13.688992","2017-12-28 04:32:13.688992"
168,Vientiane,CITY,,,"2017-12-28 04:32:13.691374","2017-12-28 04:32:13.691374"
169,Cuba,CNTY,,,"2017-12-28 04:32:13.698391","2017-12-28 04:32:13.698391"
170,Jamaica,CNTY,,,"2017-12-28 04:32:13.704584","2017-12-28 04:32:13.704584"
171,"Dominican Republic",CNTY,,,"2017-12-28 04:32:13.709607","2017-12-28 04:32:13.709607"
172,Haiti,CNTY,,,"2017-12-28 04:32:13.716957","2017-12-28 04:32:13.716957"
173,Port-au-Prince,CITY,,,"2017-12-28 04:32:13.719295","2017-12-28 04:32:13.719295"
174,"Antigua and Barbuda",CNTY,,,"2017-12-28 04:32:13.724966","2017-12-28 04:32:13.724966"
175,"Saint John's",CITY,,,"2017-12-28 04:32:13.727689","2017-12-28 04:32:13.727689"
176,Bahamas,CNTY,,,"2017-12-28 04:32:13.733654","2017-12-28 04:32:13.733654"
177,Nassau,CITY,,,"2017-12-28 04:32:13.736031","2017-12-28 04:32:13.736031"
178,Barbados,CNTY,,,"2017-12-28 04:32:13.742001","2017-12-28 04:32:13.742001"
179,Bridgetown,CITY,,,"2017-12-28 04:32:13.745393","2017-12-28 04:32:13.745393"
180,Dominica,CNTY,,,"2017-12-28 04:32:13.752704","2017-12-28 04:32:13.752704"
181,Roseau,CITY,,,"2017-12-28 04:32:13.754941","2017-12-28 04:32:13.754941"
182,Grenada,CNTY,,,"2017-12-28 04:32:13.761758","2017-12-28 04:32:13.761758"
183,"St. George's",CITY,,,"2017-12-28 04:32:13.764965","2017-12-28 04:32:13.764965"
184,"Saint Kitts and Nevis",CNTY,,,"2017-12-28 04:32:13.771016","2017-12-28 04:32:13.771016"
185,Basseterre,CITY,,,"2017-12-28 04:32:13.773310","2017-12-28 04:32:13.773310"
186,"Saint Lucia",CNTY,,,"2017-12-28 04:32:13.780626","2017-12-28 04:32:13.780626"
187,Castries,CITY,,,"2017-12-28 04:32:13.784115","2017-12-28 04:32:13.784115"
188,"Saint Vincent and the Grenadines",CNTY,,,"2017-12-28 04:32:13.789962","2017-12-28 04:32:13.789962"
189,Kingstown,CITY,,,"2017-12-28 04:32:13.792289","2017-12-28 04:32:13.792289"
190,"Trinidad and Tobago",CNTY,,,"2017-12-28 04:32:13.798648","2017-12-28 04:32:13.798648"
191,"Port of Spain",CITY,,,"2017-12-28 04:32:13.801218","2017-12-28 04:32:13.801218"
192,Belize,CNTY,,,"2017-12-28 04:32:13.807685","2017-12-28 04:32:13.807685"
193,Belmopan,CITY,,,"2017-12-28 04:32:13.810941","2017-12-28 04:32:13.810941"
194,Guatemala,CNTY,,,"2017-12-28 04:32:13.819194","2017-12-28 04:32:13.819194"
195,"Guatemala City",CITY,,,"2017-12-28 04:32:13.821732","2017-12-28 04:32:13.821732"
196,"Costa Rica",CNTY,,,"2017-12-28 04:32:13.828367","2017-12-28 04:32:13.828367"
197,"San José",CITY,,,"2017-12-28 04:32:13.830836","2017-12-28 04:32:13.830836"
198,Honduras,CNTY,,,"2017-12-28 04:32:13.836674","2017-12-28 04:32:13.836674"
199,Tegucigalpa,CITY,,,"2017-12-28 04:32:13.839331","2017-12-28 04:32:13.839331"
200,"El Salvador",CNTY,,,"2017-12-28 04:32:13.846691","2017-12-28 04:32:13.846691"
201,"San Salvador",CITY,,,"2017-12-28 04:32:13.850257","2017-12-28 04:32:13.850257"
202,Nicaragua,CNTY,,,"2017-12-28 04:32:13.856090","2017-12-28 04:32:13.856090"
203,Managua,CITY,,,"2017-12-28 04:32:13.858438","2017-12-28 04:32:13.858438"
204,"Panamá",CNTY,,,"2017-12-28 04:32:13.864915","2017-12-28 04:32:13.864915"
205,"Panama City",CITY,,,"2017-12-28 04:32:13.867280","2017-12-28 04:32:13.867280"
206,"European Union",SUPR,,,"2017-12-28 04:32:13.874435","2017-12-28 04:32:13.874435"
207,Austria,CNTY,,,"2017-12-28 04:32:13.885663","2017-12-28 04:32:13.885663"
208,Wien,CITY,,,"2017-12-28 04:32:13.888152","2017-12-28 04:32:13.888152"
209,Belgium,CNTY,,,"2017-12-28 04:32:13.894941","2017-12-28 04:32:13.894941"
210,Brussels,CITY,,,"2017-12-28 04:32:13.897607","2017-12-28 04:32:13.897607"
211,Cyprus,CNTY,,,"2017-12-28 04:32:13.903905","2017-12-28 04:32:13.903905"
212,Nicosia,CITY,,,"2017-12-28 04:32:13.907461","2017-12-28 04:32:13.907461"
213,Germany,CNTY,,,"2017-12-28 04:32:13.914768","2017-12-28 04:32:13.914768"
214,Berlin,CITY,,,"2017-12-28 04:32:13.917391","2017-12-28 04:32:13.917391"
215,Estonia,CNTY,,,"2017-12-28 04:32:13.923045","2017-12-28 04:32:13.923045"
216,Tallinn,CITY,,,"2017-12-28 04:32:13.925303","2017-12-28 04:32:13.925303"
217,Spain,CNTY,,,"2017-12-28 04:32:13.931518","2017-12-28 04:32:13.931518"
218,Madrid,CITY,,,"2017-12-28 04:32:13.933771","2017-12-28 04:32:13.933771"
219,Finland,CNTY,,,"2017-12-28 04:32:13.940785","2017-12-28 04:32:13.940785"
220,Helsinki,CITY,,,"2017-12-28 04:32:13.943097","2017-12-28 04:32:13.943097"
221,France,CNTY,,,"2017-12-28 04:32:13.953298","2017-12-28 04:32:13.953298"
222,Paris,CITY,,,"2017-12-28 04:32:13.956125","2017-12-28 04:32:20.327012"
223,Greece,CNTY,,,"2017-12-28 04:32:13.963635","2017-12-28 04:32:13.963635"
224,Athens,CITY,,,"2017-12-28 04:32:13.966067","2017-12-28 04:32:13.966067"
225,Ireland,CNTY,,,"2017-12-28 04:32:13.973347","2017-12-28 04:32:13.973347"
226,Dublin,CITY,,,"2017-12-28 04:32:13.975884","2017-12-28 04:32:13.975884"
227,Italy,CNTY,,,"2017-12-28 04:32:13.983345","2017-12-28 04:32:13.983345"
228,Luxembourg,CNTY,,,"2017-12-28 04:32:13.989244","2017-12-28 04:32:13.989244"
229,Malta,CNTY,,,"2017-12-28 04:32:13.995215","2017-12-28 04:32:13.995215"
230,Netherlands,CNTY,,,"2017-12-28 04:32:14.000660","2017-12-28 04:32:14.000660"
231,Portugal,CNTY,,,"2017-12-28 04:32:14.007201","2017-12-28 04:32:14.007201"
232,Slovakia,CNTY,,,"2017-12-28 04:32:14.013001","2017-12-28 04:32:14.013001"
233,Slovenia,CNTY,,,"2017-12-28 04:32:14.020060","2017-12-28 04:32:14.020060"
234,Bulgaria,CNTY,,,"2017-12-28 04:32:14.025467","2017-12-28 04:32:14.025467"
235,Denmark,CNTY,,,"2017-12-28 04:32:14.031472","2017-12-28 04:32:14.031472"
236,Latvija,CNTY,,,"2017-12-28 04:32:14.037201","2017-12-28 04:32:14.037201"
237,Lithuania,CNTY,,,"2017-12-28 04:32:14.042340","2017-12-28 04:32:14.042340"
238,Poland,CNTY,,,"2017-12-28 04:32:14.047682","2017-12-28 04:32:14.047682"
239,Romania,CNTY,,,"2017-12-28 04:32:14.053266","2017-12-28 04:32:14.053266"
240,Sweden,CNTY,,,"2017-12-28 04:32:14.058801","2017-12-28 04:32:14.058801"
241,"Czech Republic",CNTY,,,"2017-12-28 04:32:14.065887","2017-12-28 04:32:14.065887"
242,Hungary,CNTY,,,"2017-12-28 04:32:14.071403","2017-12-28 04:32:14.071403"
243,"Great Britain",CNTY,,,"2017-12-28 04:32:14.077469","2017-12-28 04:32:14.077469"
244,Andorra,CNTY,,,"2017-12-28 04:32:14.082958","2017-12-28 04:32:14.082958"
245,Albania,CNTY,,,"2017-12-28 04:32:14.088023","2017-12-28 04:32:14.088023"
246,Belarus,CNTY,,,"2017-12-28 04:32:14.093352","2017-12-28 04:32:14.093352"
247,Switzerland,CNTY,,,"2017-12-28 04:32:14.098594","2017-12-28 04:32:14.098594"
248,Croatia,CNTY,,,"2017-12-28 04:32:14.103922","2017-12-28 04:32:14.103922"
249,Serbia,CNTY,,,"2017-12-28 04:32:14.108975","2017-12-28 04:32:14.108975"
250,Russia,CNTY,,,"2017-12-28 04:32:14.114212","2017-12-28 04:32:14.114212"
251,Turkey,CNTY,,,"2017-12-28 04:32:14.119246","2017-12-28 04:32:14.119246"
252,Ukraine,CNTY,,,"2017-12-28 04:32:14.124326","2017-12-28 04:32:14.124326"
253,Macedonia,CNTY,,,"2017-12-28 04:32:14.129297","2017-12-28 04:32:14.129297"
254,Norway,CNTY,,,"2017-12-28 04:32:14.134380","2017-12-28 04:32:14.134380"
255,Iceland,CNTY,,,"2017-12-28 04:32:14.139464","2017-12-28 04:32:14.139464"
256,"Vatican City",CNTY,,,"2017-12-28 04:32:14.144637","2017-12-28 04:32:14.144637"
257,"Vatican City",CITY,,,"2017-12-28 04:32:14.147143","2017-12-28 04:32:14.147143"
258,"Bosnia and Herzegovina",CNTY,,,"2017-12-28 04:32:14.153242","2017-12-28 04:32:14.153242"
259,Sarajevo,CITY,,,"2017-12-28 04:32:14.155860","2017-12-28 04:32:14.155860"
260,Liechtenstein,CNTY,,,"2017-12-28 04:32:14.162212","2017-12-28 04:32:14.162212"
261,Vaduz,CITY,,,"2017-12-28 04:32:14.165994","2017-12-28 04:32:14.165994"
262,Monaco,CNTY,,,"2017-12-28 04:32:14.172334","2017-12-28 04:32:14.172334"
263,Monaco,CITY,,,"2017-12-28 04:32:14.174712","2017-12-28 04:32:14.174712"
264,Montenegro,CNTY,,,"2017-12-28 04:32:14.183677","2017-12-28 04:32:14.183677"
265,Podgorica,CITY,,,"2017-12-28 04:32:14.185989","2017-12-28 04:32:14.185989"
266,Moldova,CNTY,,,"2017-12-28 04:32:14.192145","2017-12-28 04:32:14.192145"
267,"Chișinău",CITY,,,"2017-12-28 04:32:14.195374","2017-12-28 04:32:14.195374"
268,"San Marino",CNTY,,,"2017-12-28 04:32:14.201437","2017-12-28 04:32:14.201437"
269,"(City of) San Marino",CITY,,,"2017-12-28 04:32:14.204082","2017-12-28 04:32:14.204082"
270,Georgia,CNTY,,,"2017-12-28 04:32:14.211037","2017-12-28 04:32:14.211037"
271,Armenia,CNTY,,,"2017-12-28 04:32:14.217320","2017-12-28 04:32:14.217320"
272,Azerbaijan,CNTY,,,"2017-12-28 04:32:14.222494","2017-12-28 04:32:14.222494"
273,"Bakı",CITY,,,"2017-12-28 04:32:14.224856","2017-12-28 04:32:14.224856"
274,Bahrain,CNTY,,,"2017-12-28 04:32:14.232022","2017-12-28 04:32:14.232022"
275,Manama,CITY,,,"2017-12-28 04:32:14.234408","2017-12-28 04:32:14.234408"
276,Kuwait,CNTY,,,"2017-12-28 04:32:14.242562","2017-12-28 04:32:14.242562"
277,"Kuwait City",CITY,,,"2017-12-28 04:32:14.244842","2017-12-28 04:32:14.244842"
278,Oman,CNTY,,,"2017-12-28 04:32:14.251708","2017-12-28 04:32:14.251708"
279,Muscat,CITY,,,"2017-12-28 04:32:14.253929","2017-12-28 04:32:14.253929"
280,Qatar,CNTY,,,"2017-12-28 04:32:14.259353","2017-12-28 04:32:14.259353"
281,Doha,CITY,,,"2017-12-28 04:32:14.262338","2017-12-28 04:32:14.262338"
282,"Saudi Arabia",CNTY,,,"2017-12-28 04:32:14.271269","2017-12-28 04:32:14.271269"
283,Riyadh,CITY,,,"2017-12-28 04:32:14.274818","2017-12-28 04:32:14.274818"
284,"United Arab Emirates",CNTY,,,"2017-12-28 04:32:14.282460","2017-12-28 04:32:14.282460"
285,"Abu Dhabi",CITY,,,"2017-12-28 04:32:14.284923","2017-12-28 04:32:14.284923"
286,Yemen,CNTY,,,"2017-12-28 04:32:14.291053","2017-12-28 04:32:14.291053"
287,"Sana'a",CITY,,,"2017-12-28 04:32:14.293662","2017-12-28 04:32:14.293662"
288,Iraq,CNTY,,,"2017-12-28 04:32:14.300030","2017-12-28 04:32:14.300030"
289,Baghdad,CITY,,,"2017-12-28 04:32:14.302432","2017-12-28 04:32:14.302432"
290,Israel,CNTY,,,"2017-12-28 04:32:14.309620","2017-12-28 04:32:14.309620"
291,Jerusalem,CITY,,,"2017-12-28 04:32:14.311948","2017-12-28 04:32:14.311948"
292,Jordan,CNTY,,,"2017-12-28 04:32:14.320201","2017-12-28 04:32:14.320201"
293,Amman,CITY,,,"2017-12-28 04:32:14.322452","2017-12-28 04:32:14.322452"
294,Lebanon,CNTY,,,"2017-12-28 04:32:14.328857","2017-12-28 04:32:14.328857"
295,Beirut,CITY,,,"2017-12-28 04:32:14.331208","2017-12-28 04:32:14.331208"
296,Palestine,CNTY,,,"2017-12-28 04:32:14.338273","2017-12-28 04:32:14.338273"
297,Syria,CNTY,,,"2017-12-28 04:32:14.343825","2017-12-28 04:32:14.343825"
298,Damascus,CITY,,,"2017-12-28 04:32:14.346086","2017-12-28 04:32:14.346086"
299,Iran,CNTY,,,"2017-12-28 04:32:14.353230","2017-12-28 04:32:14.353230"
300,Tehran,CITY,,,"2017-12-28 04:32:14.355551","2017-12-28 04:32:14.355551"
301,Canada,CNTY,,,"2017-12-28 04:32:14.362729","2017-12-28 04:32:14.362729"
302,"United States",CNTY,,,"2017-12-28 04:32:14.368987","2017-12-28 04:32:14.368987"
303,"México",CNTY,,,"2017-12-28 04:32:14.375035","2017-12-28 04:32:14.375035"
304,Australia,CNTY,,,"2017-12-28 04:32:14.380800","2017-12-28 04:32:14.380800"
305,Canberra,CITY,,,"2017-12-28 04:32:14.384228","2017-12-28 04:32:14.384228"
306,"Papua New Guinea",CNTY,,,"2017-12-28 04:32:14.390867","2017-12-28 04:32:14.390867"
307,"Port Moresby",CITY,,,"2017-12-28 04:32:14.393246","2017-12-28 04:32:14.393246"
308,Fiji,CNTY,,,"2017-12-28 04:32:14.399923","2017-12-28 04:32:14.399923"
309,Suva,CITY,,,"2017-12-28 04:32:14.403479","2017-12-28 04:32:14.403479"
310,"Solomon Islands",CNTY,,,"2017-12-28 04:32:14.409284","2017-12-28 04:32:14.409284"
311,Honiara,CITY,,,"2017-12-28 04:32:14.411715","2017-12-28 04:32:14.411715"
312,Vanuatu,CNTY,,,"2017-12-28 04:32:14.418564","2017-12-28 04:32:14.418564"
313,"Port Vila",CITY,,,"2017-12-28 04:32:14.421142","2017-12-28 04:32:14.421142"
314,Palau,CNTY,,,"2017-12-28 04:32:14.427176","2017-12-28 04:32:14.427176"
315,Ngerulmud,CITY,,,"2017-12-28 04:32:14.429755","2017-12-28 04:32:14.429755"
316,Micronesia,CNTY,,,"2017-12-28 04:32:14.436928","2017-12-28 04:32:14.436928"
317,Palikir,CITY,,,"2017-12-28 04:32:14.439315","2017-12-28 04:32:14.439315"
318,"Marshall Islands",CNTY,,,"2017-12-28 04:32:14.445524","2017-12-28 04:32:14.445524"
319,Majuro,CITY,,,"2017-12-28 04:32:14.449143","2017-12-28 04:32:14.449143"
320,Nauru,CNTY,,,"2017-12-28 04:32:14.454958","2017-12-28 04:32:14.454958"
321,Yaren,CITY,,,"2017-12-28 04:32:14.457247","2017-12-28 04:32:14.457247"
322,Kiribati,CNTY,,,"2017-12-28 04:32:14.463840","2017-12-28 04:32:14.463840"
323,Tarawa,CITY,,,"2017-12-28 04:32:14.467280","2017-12-28 04:32:14.467280"
324,"New Zealand",CNTY,,,"2017-12-28 04:32:14.473504","2017-12-28 04:32:14.473504"
325,Wellington,CITY,,,"2017-12-28 04:32:14.475867","2017-12-28 04:32:14.475867"
326,Samoa,CNTY,,,"2017-12-28 04:32:14.482929","2017-12-28 04:32:14.482929"
327,Apia,CITY,,,"2017-12-28 04:32:14.485253","2017-12-28 04:32:14.485253"
328,Tonga,CNTY,,,"2017-12-28 04:32:14.491040","2017-12-28 04:32:14.491040"
329,"Nuku'alofa",CITY,,,"2017-12-28 04:32:14.493763","2017-12-28 04:32:14.493763"
330,Tuvalu,CNTY,,,"2017-12-28 04:32:14.501317","2017-12-28 04:32:14.501317"
331,Funafuti,CITY,,,"2017-12-28 04:32:14.503891","2017-12-28 04:32:14.503891"
332,Argentina,CNTY,,,"2017-12-28 04:32:14.510197","2017-12-28 04:32:14.510197"
333,"Buenos Aires",CITY,,,"2017-12-28 04:32:14.513233","2017-12-28 04:32:14.513233"
334,Bolivia,CNTY,,,"2017-12-28 04:32:14.521722","2017-12-28 04:32:14.521722"
335,"La Paz",CITY,,,"2017-12-28 04:32:14.524071","2017-12-28 04:32:14.524071"
336,Brazil,CNTY,,,"2017-12-28 04:32:14.530534","2017-12-28 04:32:14.530534"
337,"Brasília",CITY,,,"2017-12-28 04:32:14.534026","2017-12-28 04:32:14.534026"
338,Chile,CNTY,,,"2017-12-28 04:32:14.540008","2017-12-28 04:32:14.540008"
339,Santiago,CITY,,,"2017-12-28 04:32:14.542337","2017-12-28 04:32:14.542337"
340,Colombia,CNTY,,,"2017-12-28 04:32:14.549358","2017-12-28 04:32:14.549358"
341,"Bogotá",CITY,,,"2017-12-28 04:32:14.551694","2017-12-28 04:32:14.551694"
342,Ecuador,CNTY,,,"2017-12-28 04:32:14.557648","2017-12-28 04:32:14.557648"
343,Quito,CITY,,,"2017-12-28 04:32:14.560231","2017-12-28 04:32:14.560231"
344,Peru,CNTY,,,"2017-12-28 04:32:14.568086","2017-12-28 04:32:14.568086"
345,Lima,CITY,,,"2017-12-28 04:32:14.570491","2017-12-28 04:32:14.570491"
346,Paraguay,CNTY,,,"2017-12-28 04:32:14.576603","2017-12-28 04:32:14.576603"
347,"Asunción",CITY,,,"2017-12-28 04:32:14.578942","2017-12-28 04:32:14.578942"
348,Uruguay,CNTY,,,"2017-12-28 04:32:14.586420","2017-12-28 04:32:14.586420"
349,Montevideo,CITY,,,"2017-12-28 04:32:14.588717","2017-12-28 04:32:14.588717"
350,Venezuela,CNTY,,,"2017-12-28 04:32:14.594978","2017-12-28 04:32:14.594978"
351,Caracas,CITY,,,"2017-12-28 04:32:14.598248","2017-12-28 04:32:14.598248"
352,Guyana,CNTY,,,"2017-12-28 04:32:14.604437","2017-12-28 04:32:14.604437"
353,"George Town",CITY,,,"2017-12-28 04:32:14.606575","2017-12-28 04:32:14.858071"
354,Suriname,CNTY,,,"2017-12-28 04:32:14.615827","2017-12-28 04:32:14.615827"
355,Paramaribo,CITY,,,"2017-12-28 04:32:14.618246","2017-12-28 04:32:14.618246"
356,Mayotte,TERR,,,"2017-12-28 04:32:14.625017","2017-12-28 04:32:14.625017"
357,Mamoudzou,CITY,,,"2017-12-28 04:32:14.627950","2017-12-28 04:32:14.627950"
358,"Réunion",TERR,,,"2017-12-28 04:32:14.638544","2017-12-28 04:32:14.638544"
359,"Saint Helena",TERR,,,"2017-12-28 04:32:14.645968","2017-12-28 04:32:14.645968"
360,Jamestown,CITY,,,"2017-12-28 04:32:14.649683","2017-12-28 04:32:14.649683"
361,"Bouvet Island",TERR,,,"2017-12-28 04:32:14.658275","2017-12-28 04:32:14.658275"
362,"French Southern Territories",TERR,,,"2017-12-28 04:32:14.668402","2017-12-28 04:32:14.668402"
363,"Port-aux-Français",CITY,,,"2017-12-28 04:32:14.670951","2017-12-28 04:32:14.670951"
364,"Heard Island and McDonald Islands",TERR,,,"2017-12-28 04:32:14.679452","2017-12-28 04:32:14.679452"
365,"South Georgia and South Sandwich",TERR,,,"2017-12-28 04:32:14.686715","2017-12-28 04:32:14.686715"
366,"King Edward Point",CITY,,,"2017-12-28 04:32:14.689229","2017-12-28 04:32:14.689229"
367,"Hong Kong",TERR,,,"2017-12-28 04:32:14.700170","2017-12-28 04:32:14.700170"
368,Macau,TERR,,,"2017-12-28 04:32:14.707507","2017-12-28 04:32:14.707507"
369,"Cocos (Keeling) Islands",TERR,,,"2017-12-28 04:32:14.715553","2017-12-28 04:32:14.715553"
370,"West Island",CITY,,,"2017-12-28 04:32:14.717889","2017-12-28 04:32:14.717889"
371,"Christmas Island",TERR,,,"2017-12-28 04:32:14.726103","2017-12-28 04:32:14.726103"
372,"Flying Fish Cove",CITY,,,"2017-12-28 04:32:14.730008","2017-12-28 04:32:14.730008"
373,"British Indian Ocean Territory",TERR,,,"2017-12-28 04:32:14.739234","2017-12-28 04:32:14.739234"
374,"Diego Garcia",CITY,,,"2017-12-28 04:32:14.741565","2017-12-28 04:32:14.741565"
375,"Puerto Rico",TERR,,,"2017-12-28 04:32:14.750686","2017-12-28 04:32:14.750686"
376,"United States Virgin Islands",TERR,,,"2017-12-28 04:32:14.757993","2017-12-28 04:32:14.757993"
377,"Charlotte Amalie",CITY,,,"2017-12-28 04:32:14.761423","2017-12-28 04:32:14.761423"
378,Guadeloupe,TERR,,,"2017-12-28 04:32:14.772368","2017-12-28 04:32:14.772368"
379,Martinique,TERR,,,"2017-12-28 04:32:14.780197","2017-12-28 04:32:14.780197"
380,"Saint Barthélemy",TERR,,,"2017-12-28 04:32:14.787543","2017-12-28 04:32:14.787543"
381,"Saint Martin (French part)",TERR,,,"2017-12-28 04:32:14.796051","2017-12-28 04:32:14.796051"
382,Marigot,CITY,,,"2017-12-28 04:32:14.799857","2017-12-28 04:32:14.799857"
383,Aruba,TERR,,,"2017-12-28 04:32:14.808056","2017-12-28 04:32:14.808056"
384,Oranjestad,CITY,,,"2017-12-28 04:32:14.810935","2017-12-28 04:32:14.810935"
385,"Curaçao",TERR,,,"2017-12-28 04:32:14.819127","2017-12-28 04:32:14.819127"
386,Willemstad,CITY,,,"2017-12-28 04:32:14.821396","2017-12-28 04:32:14.821396"
387,"Sint Maarten (Dutch part)",TERR,,,"2017-12-28 04:32:14.831751","2017-12-28 04:32:14.831751"
388,Philipsburg,CITY,,,"2017-12-28 04:32:14.834509","2017-12-28 04:32:14.834509"
389,Anguilla,TERR,,,"2017-12-28 04:32:14.842432","2017-12-28 04:32:14.842432"
390,"The Valley",CITY,,,"2017-12-28 04:32:14.845394","2017-12-28 04:32:14.845394"
391,"Cayman Islands",TERR,,,"2017-12-28 04:32:14.853668","2017-12-28 04:32:14.853668"
392,Montserrat,TERR,,,"2017-12-28 04:32:14.868454","2017-12-28 04:32:14.868454"
393,Plymouth,CITY,,,"2017-12-28 04:32:14.870855","2017-12-28 04:32:14.870855"
394,"Turks and Caicos Islands",TERR,,,"2017-12-28 04:32:14.879356","2017-12-28 04:32:14.879356"
395,"Cockburn Town",CITY,,,"2017-12-28 04:32:14.881734","2017-12-28 04:32:14.881734"
396,"British Virgin Islands",TERR,,,"2017-12-28 04:32:14.890107","2017-12-28 04:32:14.890107"
397,"Road Town",CITY,,,"2017-12-28 04:32:14.893793","2017-12-28 04:32:14.893793"
398,England,TERR,,,"2017-12-28 04:32:14.903849","2017-12-28 04:32:14.903849"
399,Scotland,TERR,,,"2017-12-28 04:32:14.912013","2017-12-28 04:32:14.912013"
400,Wales,TERR,,,"2017-12-28 04:32:14.919565","2017-12-28 04:32:14.919565"
401,"Northern Ireland",TERR,,,"2017-12-28 04:32:14.928074","2017-12-28 04:32:14.928074"
402,Belfast,CITY,,,"2017-12-28 04:32:14.930503","2017-12-28 04:32:14.930503"
403,Gibraltar,TERR,,,"2017-12-28 04:32:14.938908","2017-12-28 04:32:14.938908"
404,"Isle of Man",TERR,,,"2017-12-28 04:32:14.949712","2017-12-28 04:32:14.949712"
405,Jersey,TERR,,,"2017-12-28 04:32:14.957790","2017-12-28 04:32:14.957790"
406,Guernsey,TERR,,,"2017-12-28 04:32:14.967445","2017-12-28 04:32:14.967445"
407,"Faroe Islands",TERR,,,"2017-12-28 04:32:14.974791","2017-12-28 04:32:14.974791"
408,"Åland Islands",TERR,,,"2017-12-28 04:32:14.982667","2017-12-28 04:32:14.982667"
409,Greenland,TERR,,,"2017-12-28 04:32:14.990513","2017-12-28 04:32:14.990513"
410,"Saint Pierre and Miquelon",TERR,,,"2017-12-28 04:32:14.997763","2017-12-28 04:32:14.997763"
411,Bermuda,TERR,,,"2017-12-28 04:32:15.005743","2017-12-28 04:32:15.005743"
412,Hamilton,CITY,,,"2017-12-28 04:32:15.008110","2017-12-28 04:32:15.008110"
413,Tahiti,TERR,,,"2017-12-28 04:32:15.020193","2017-12-28 04:32:15.020193"
414,"New Caledonia",TERR,,,"2017-12-28 04:32:15.028113","2017-12-28 04:32:15.028113"
415,"Nouméa",CITY,,,"2017-12-28 04:32:15.031072","2017-12-28 04:32:15.031072"
416,"Wallis and Futuna",TERR,,,"2017-12-28 04:32:15.040067","2017-12-28 04:32:15.040067"
417,"American Samoa",TERR,,,"2017-12-28 04:32:15.048003","2017-12-28 04:32:15.048003"
418,Guam,TERR,,,"2017-12-28 04:32:15.056416","2017-12-28 04:32:15.056416"
419,"Northern Mariana Islands",TERR,,,"2017-12-28 04:32:15.064150","2017-12-28 04:32:15.064150"
420,Saipan,CITY,,,"2017-12-28 04:32:15.067348","2017-12-28 04:32:15.067348"
421,"Cook Islands",TERR,,,"2017-12-28 04:32:15.075250","2017-12-28 04:32:15.075250"
422,Niue,TERR,,,"2017-12-28 04:32:15.084396","2017-12-28 04:32:15.084396"
423,Alofi,CITY,,,"2017-12-28 04:32:15.086957","2017-12-28 04:32:15.086957"
424,Tokelau,TERR,,,"2017-12-28 04:32:15.094985","2017-12-28 04:32:15.094985"
425,Fakaofo,CITY,,,"2017-12-28 04:32:15.097729","2017-12-28 04:32:15.097729"
426,"Norfolk Island",TERR,,,"2017-12-28 04:32:15.106999","2017-12-28 04:32:15.106999"
427,Kingston,CITY,,,"2017-12-28 04:32:15.109393","2017-12-28 04:32:15.109393"
428,"Pitcairn Islands",TERR,,,"2017-12-28 04:32:15.119263","2017-12-28 04:32:15.119263"
429,Adamstown,CITY,,,"2017-12-28 04:32:15.121897","2017-12-28 04:32:15.121897"
430,"French Guiana",TERR,,,"2017-12-28 04:32:15.130465","2017-12-28 04:32:15.130465"
431,Cayenne,CITY,,,"2017-12-28 04:32:15.134012","2017-12-28 04:32:15.134012"
432,"Falkland Islands",TERR,,,"2017-12-28 04:32:15.141998","2017-12-28 04:32:15.141998"
433,Stanley,CITY,,,"2017-12-28 04:32:15.144954","2017-12-28 04:32:15.144954"
434,Marrakesh,CITY,,,"2017-12-28 04:32:19.742691","2017-12-28 04:32:19.742691"
435,Agadir,CITY,,,"2017-12-28 04:32:19.750307","2017-12-28 04:32:19.750307"
436,Johannesburg,CITY,,,"2017-12-28 04:32:19.757070","2017-12-28 04:32:19.757070"
437,"Cape Town",CITY,,,"2017-12-28 04:32:19.769704","2017-12-28 04:32:19.769704"
438,Durban,CITY,,,"2017-12-28 04:32:19.775250","2017-12-28 04:32:19.775250"
439,Pretoria,CITY,,,"2017-12-28 04:32:19.783056","2017-12-28 04:32:19.783056"
440,"Port Elizabeth",CITY,,,"2017-12-28 04:32:19.788915","2017-12-28 04:32:19.788915"
441,Polokwane,CITY,,,"2017-12-28 04:32:19.794277","2017-12-28 04:32:19.794277"
442,Nelspruit,CITY,,,"2017-12-28 04:32:19.801105","2017-12-28 04:32:19.801105"
443,Bloemfontein,CITY,,,"2017-12-28 04:32:19.806606","2017-12-28 04:32:19.806606"
444,Rustenburg,CITY,,,"2017-12-28 04:32:19.812948","2017-12-28 04:32:19.812948"
445,Graz,CITY,,,"2017-12-28 04:32:19.852120","2017-12-28 04:32:19.852120"
446,Kapfenberg,CITY,,,"2017-12-28 04:32:19.862137","2017-12-28 04:32:19.862137"
447,Hartberg,CITY,,,"2017-12-28 04:32:19.869298","2017-12-28 04:32:19.869298"
448,Linz,CITY,,,"2017-12-28 04:32:19.874900","2017-12-28 04:32:19.874900"
449,Ried,CITY,,,"2017-12-28 04:32:19.882738","2017-12-28 04:32:19.882738"
450,Pasching,CITY,,,"2017-12-28 04:32:19.888383","2017-12-28 04:32:19.888383"
451,Steyr,CITY,,,"2017-12-28 04:32:19.893825","2017-12-28 04:32:19.893825"
452,"Wiener Neustadt",CITY,,,"2017-12-28 04:32:19.900970","2017-12-28 04:32:19.900970"
453,"Maria Enzersdorf",CITY,,,"2017-12-28 04:32:19.906738","2017-12-28 04:32:19.906738"
454,"St. Pölten",CITY,,,"2017-12-28 04:32:19.914616","2017-12-28 04:32:19.914616"
455,Horn,CITY,,,"2017-12-28 04:32:19.924920","2017-12-28 04:32:19.924920"
456,Krems,CITY,,,"2017-12-28 04:32:19.931920","2017-12-28 04:32:19.931920"
457,Mattersburg,CITY,,,"2017-12-28 04:32:19.937824","2017-12-28 04:32:19.937824"
458,Parndorf,CITY,,,"2017-12-28 04:32:19.944361","2017-12-28 04:32:19.944361"
459,Klagenfurt,CITY,,,"2017-12-28 04:32:19.952700","2017-12-28 04:32:19.952700"
460,Wolfsberg,CITY,,,"2017-12-28 04:32:19.958114","2017-12-28 04:32:19.958114"
461,"Spittal (an der Drau)",CITY,,,"2017-12-28 04:32:19.964921","2017-12-28 04:32:19.964921"
462,"Salzburg (Wals-Siezenheim)",CITY,,,"2017-12-28 04:32:19.970636","2017-12-28 04:32:19.970636"
463,"Grödig",CITY,,,"2017-12-28 04:32:19.976361","2017-12-28 04:32:19.976361"
464,Innsbruck,CITY,,,"2017-12-28 04:32:19.984503","2017-12-28 04:32:19.984503"
465,Kufstein,CITY,,,"2017-12-28 04:32:19.989926","2017-12-28 04:32:19.989926"
466,Wattens,CITY,,,"2017-12-28 04:32:19.996157","2017-12-28 04:32:19.996157"
467,Altach,CITY,,,"2017-12-28 04:32:20.001872","2017-12-28 04:32:20.001872"
468,Lustenau,CITY,,,"2017-12-28 04:32:20.007633","2017-12-28 04:32:20.007633"
469,Bregenz,CITY,,,"2017-12-28 04:32:20.016216","2017-12-28 04:32:20.016216"
470,Dornbirn,CITY,,,"2017-12-28 04:32:20.022592","2017-12-28 04:32:20.022592"
471,Geneva,CITY,,,"2017-12-28 04:32:20.029458","2017-12-28 04:32:20.029458"
472,Basel,CITY,,,"2017-12-28 04:32:20.035167","2017-12-28 04:32:20.035167"
473,Bern,CITY,,,"2017-12-28 04:32:20.040967","2017-12-28 04:32:20.040967"
474,Zurich,CITY,,,"2017-12-28 04:32:20.051924","2017-12-28 04:32:20.051924"
475,Dortmund,CITY,,,"2017-12-28 04:32:20.067567","2017-12-28 04:32:20.067567"
476,Gelsenkirchen,CITY,,,"2017-12-28 04:32:20.073241","2017-12-28 04:32:20.073241"
477,"Köln",CITY,,,"2017-12-28 04:32:20.080433","2017-12-28 04:32:20.080433"
478,"Mönchengladbach",CITY,,,"2017-12-28 04:32:20.086992","2017-12-28 04:32:20.086992"
479,Leverkusen,CITY,,,"2017-12-28 04:32:20.092769","2017-12-28 04:32:20.092769"
480,Bochum,CITY,,,"2017-12-28 04:32:20.100643","2017-12-28 04:32:20.100643"
481,Bielefeld,CITY,,,"2017-12-28 04:32:20.106476","2017-12-28 04:32:20.106476"
482,Paderborn,CITY,,,"2017-12-28 04:32:20.114005","2017-12-28 04:32:20.114005"
483,Augsburg,CITY,,,"2017-12-28 04:32:20.123494","2017-12-28 04:32:20.123494"
484,"Fürth",CITY,,,"2017-12-28 04:32:20.129662","2017-12-28 04:32:20.129662"
485,Ingolstadt,CITY,,,"2017-12-28 04:32:20.135424","2017-12-28 04:32:20.135424"
486,Stuttgart,CITY,,,"2017-12-28 04:32:20.142215","2017-12-28 04:32:20.142215"
487,Sinsheim,CITY,,,"2017-12-28 04:32:20.149423","2017-12-28 04:32:20.149423"
488,"Freiburg (im Breisgau)",CITY,,,"2017-12-28 04:32:20.154978","2017-12-28 04:32:20.154978"
489,Karlsruhe,CITY,,,"2017-12-28 04:32:20.161097","2017-12-28 04:32:20.161097"
490,Aalen,CITY,,,"2017-12-28 04:32:20.166779","2017-12-28 04:32:20.166779"
491,Sandhausen,CITY,,,"2017-12-28 04:32:20.172506","2017-12-28 04:32:20.172506"
492,Heidenheim,CITY,,,"2017-12-28 04:32:20.179383","2017-12-28 04:32:20.179383"
493,Frankfurt,CITY,,,"2017-12-28 04:32:20.186390","2017-12-28 04:32:20.186390"
494,Darmstadt,CITY,,,"2017-12-28 04:32:20.197279","2017-12-28 04:32:20.197279"
495,Hannover,CITY,,,"2017-12-28 04:32:20.202844","2017-12-28 04:32:20.202844"
496,Wolfsburg,CITY,,,"2017-12-28 04:32:20.209856","2017-12-28 04:32:20.209856"
497,Braunschweig,CITY,,,"2017-12-28 04:32:20.216744","2017-12-28 04:32:20.216744"
498,Leipzig,CITY,,,"2017-12-28 04:32:20.222190","2017-12-28 04:32:20.222190"
499,Dresden,CITY,,,"2017-12-28 04:32:20.228285","2017-12-28 04:32:20.228285"
500,Aue,CITY,,,"2017-12-28 04:32:20.233894","2017-12-28 04:32:20.233894"
501,Kaiserslautern,CITY,,,"2017-12-28 04:32:20.240887","2017-12-28 04:32:20.240887"
502,Mainz,CITY,,,"2017-12-28 04:32:20.246721","2017-12-28 04:32:20.246721"
503,London,CITY,,,"2017-12-28 04:32:20.254187","2017-12-28 04:32:20.254187"
504,Manchester,CITY,,,"2017-12-28 04:32:20.265056","2017-12-28 04:32:20.265056"
505,Newcastle,CITY,,,"2017-12-28 04:32:20.272971","2017-12-28 04:32:20.272971"
506,Barcelona,CITY,,,"2017-12-28 04:32:20.290370","2017-12-28 04:32:20.290370"
507,Sevilla,CITY,,,"2017-12-28 04:32:20.301388","2017-12-28 04:32:20.301388"
508,Valencia,CITY,,,"2017-12-28 04:32:20.312548","2017-12-28 04:32:20.312548"
509,Marseille,CITY,,,"2017-12-28 04:32:20.332081","2017-12-28 04:32:20.332081"
510,"Lyon (Décines-Charpieu)",CITY,,,"2017-12-28 04:32:20.339114","2017-12-28 04:32:20.339114"
511,"Lille (Villeneuve-d'Ascq)",CITY,,,"2017-12-28 04:32:20.344971","2017-12-28 04:32:20.344971"
512,Lens,CITY,,,"2017-12-28 04:32:20.352072","2017-12-28 04:32:20.352072"
513,Bordeaux,CITY,,,"2017-12-28 04:32:20.357906","2017-12-28 04:32:20.357906"
514,Saint-Etienne,CITY,,,"2017-12-28 04:32:20.364197","2017-12-28 04:32:20.364197"
515,Toulouse,CITY,,,"2017-12-28 04:32:20.370939","2017-12-28 04:32:20.370939"
516,Nice,CITY,,,"2017-12-28 04:32:20.376801","2017-12-28 04:32:20.376801"
517,Roma,CITY,,,"2017-12-28 04:32:20.384398","2017-12-28 04:32:20.384398"
518,Bari,CITY,,,"2017-12-28 04:32:20.390102","2017-12-28 04:32:20.390102"
519,Milano,CITY,,,"2017-12-28 04:32:20.396463","2017-12-28 04:32:20.396463"
520,Napoli,CITY,,,"2017-12-28 04:32:20.403526","2017-12-28 04:32:20.403526"
521,Amsterdam,CITY,,,"2017-12-28 04:32:20.412950","2017-12-28 04:32:20.412950"
522,Rotterdam,CITY,,,"2017-12-28 04:32:20.420123","2017-12-28 04:32:20.420123"
523,Warszawa,CITY,,,"2017-12-28 04:32:20.426518","2017-12-28 04:32:20.426518"
524,Gdansk,CITY,,,"2017-12-28 04:32:20.433856","2017-12-28 04:32:20.433856"
525,"Wrocław",CITY,,,"2017-12-28 04:32:20.439462","2017-12-28 04:32:20.439462"
526,Poznan,CITY,,,"2017-12-28 04:32:20.445586","2017-12-28 04:32:20.445586"
527,Lisboa,CITY,,,"2017-12-28 04:32:20.453503","2017-12-28 04:32:20.453503"
528,Porto,CITY,,,"2017-12-28 04:32:20.465249","2017-12-28 04:32:20.465249"
529,Kiev,CITY,,,"2017-12-28 04:32:20.472184","2017-12-28 04:32:20.472184"
530,Donetsk,CITY,,,"2017-12-28 04:32:20.477622","2017-12-28 04:32:20.477622"
531,Kharkiv,CITY,,,"2017-12-28 04:32:20.484361","2017-12-28 04:32:20.484361"
532,Lviv,CITY,,,"2017-12-28 04:32:20.489932","2017-12-28 04:32:20.489932"
533,Montreal,CITY,,,"2017-12-28 04:32:20.497942","2017-12-28 04:32:20.497942"
534,Pasadena,CITY,,,"2017-12-28 04:32:20.538126","2017-12-28 04:32:20.538126"
535,Carson,CITY,,,"2017-12-28 04:32:20.543929","2017-12-28 04:32:20.543929"
536,Seattle,CITY,,,"2017-12-28 04:32:20.550774","2017-12-28 04:32:20.550774"
537,Denver,CITY,,,"2017-12-28 04:32:20.556227","2017-12-28 04:32:20.556227"
538,"Commerce City",CITY,,,"2017-12-28 04:32:20.563136","2017-12-28 04:32:20.563136"
539,Harrison,CITY,,,"2017-12-28 04:32:20.569368","2017-12-28 04:32:20.569368"
540,Baltimore,CITY,,,"2017-12-28 04:32:20.577967","2017-12-28 04:32:20.577967"
541,"Miami (Miami Gardens)",CITY,,,"2017-12-28 04:32:20.590667","2017-12-28 04:32:20.590667"
542,"Salt Lake City (Sandy)",CITY,,,"2017-12-28 04:32:20.605262","2017-12-28 04:32:20.605262"
543,"Lanús",CITY,,,"2017-12-28 04:32:20.624560","2017-12-28 04:32:20.624560"
544,Rosario,CITY,,,"2017-12-28 04:32:20.632490","2017-12-28 04:32:20.632490"
545,"Sarandí",CITY,,,"2017-12-28 04:32:20.638111","2017-12-28 04:32:20.638111"
546,"Rio de Janeiro",CITY,,,"2017-12-28 04:32:20.650733","2017-12-28 04:32:20.650733"
547,"São Paulo",CITY,,,"2017-12-28 04:32:20.661721","2017-12-28 04:32:20.661721"
548,Fortaleza,CITY,,,"2017-12-28 04:32:20.669255","2017-12-28 04:32:20.669255"
549,"Belo Horizonte",CITY,,,"2017-12-28 04:32:20.674913","2017-12-28 04:32:20.674913"
550,Salvador,CITY,,,"2017-12-28 04:32:20.687503","2017-12-28 04:32:20.687503"
551,"Cuiabá",CITY,,,"2017-12-28 04:32:20.693985","2017-12-28 04:32:20.693985"
552,Manaus,CITY,,,"2017-12-28 04:32:20.701859","2017-12-28 04:32:20.701859"
553,Natal,CITY,,,"2017-12-28 04:32:20.707368","2017-12-28 04:32:20.707368"
554,"Porto Alegre",CITY,,,"2017-12-28 04:32:20.713802","2017-12-28 04:32:20.713802"
555,Recife,CITY,,,"2017-12-28 04:32:20.724855","2017-12-28 04:32:20.724855"
556,Curitiba,CITY,,,"2017-12-28 04:32:20.733018","2017-12-28 04:32:20.733018"
557,"Santiago de Chile",CITY,,,"2017-12-28 04:32:20.744722","2017-12-28 04:32:20.744722"
558,Cali,CITY,,,"2017-12-28 04:32:20.761887","2017-12-28 04:32:20.761887"
559,"Medellín",CITY,,,"2017-12-28 04:32:20.777461","2017-12-28 04:32:20.777461"
560,"Sangolquí",CITY,,,"2017-12-28 04:32:20.784058","2017-12-28 04:32:20.784058"
561,Guayaquil,CITY,,,"2017-12-28 04:32:20.789753","2017-12-28 04:32:20.789753"
562,Huancayo,CITY,,,"2017-12-28 04:32:20.803441","2017-12-28 04:32:20.803441"
563,Barinas,CITY,,,"2017-12-28 04:32:20.837641","2017-12-28 04:32:20.837641"
564,"Puerto La Cruz",CITY,,,"2017-12-28 04:32:20.843333","2017-12-28 04:32:20.843333"
