id,tag_id,taggable_type,taggable_id,created_at,updated_at
1,1,WorldDb::Model::Country,1,"2017-12-28 04:32:12.841076","2017-12-28 04:32:12.841076"
2,1,WorldDb::Model::Country,2,"2017-12-28 04:32:12.852457","2017-12-28 04:32:12.852457"
3,1,WorldDb::Model::Country,3,"2017-12-28 04:32:12.861198","2017-12-28 04:32:12.861198"
4,1,WorldDb::Model::Country,4,"2017-12-28 04:32:12.872422","2017-12-28 04:32:12.872422"
5,1,WorldDb::Model::Country,5,"2017-12-28 04:32:12.883284","2017-12-28 04:32:12.883284"
6,1,WorldDb::Model::Country,6,"2017-12-28 04:32:12.891496","2017-12-28 04:32:12.891496"
7,1,WorldDb::Model::Country,7,"2017-12-28 04:32:12.903947","2017-12-28 04:32:12.903947"
8,1,WorldDb::Model::Country,8,"2017-12-28 04:32:12.912581","2017-12-28 04:32:12.912581"
9,1,WorldDb::Model::Country,9,"2017-12-28 04:32:12.922992","2017-12-28 04:32:12.922992"
10,1,WorldDb::Model::Country,10,"2017-12-28 04:32:12.934743","2017-12-28 04:32:12.934743"
11,1,WorldDb::Model::Country,11,"2017-12-28 04:32:12.942774","2017-12-28 04:32:12.942774"
12,1,WorldDb::Model::Country,12,"2017-12-28 04:32:12.953772","2017-12-28 04:32:12.953772"
13,1,WorldDb::Model::Country,13,"2017-12-28 04:32:12.967145","2017-12-28 04:32:12.967145"
14,1,WorldDb::Model::Country,14,"2017-12-28 04:32:12.975390","2017-12-28 04:32:12.975390"
15,1,WorldDb::Model::Country,15,"2017-12-28 04:32:12.987114","2017-12-28 04:32:12.987114"
16,1,WorldDb::Model::Country,16,"2017-12-28 04:32:12.997162","2017-12-28 04:32:12.997162"
17,1,WorldDb::Model::Country,17,"2017-12-28 04:32:13.007612","2017-12-28 04:32:13.007612"
18,1,WorldDb::Model::Country,18,"2017-12-28 04:32:13.019797","2017-12-28 04:32:13.019797"
19,1,WorldDb::Model::Country,19,"2017-12-28 04:32:13.030374","2017-12-28 04:32:13.030374"
20,1,WorldDb::Model::Country,20,"2017-12-28 04:32:13.041902","2017-12-28 04:32:13.041902"
21,1,WorldDb::Model::Country,21,"2017-12-28 04:32:13.053756","2017-12-28 04:32:13.053756"
22,1,WorldDb::Model::Country,22,"2017-12-28 04:32:13.064640","2017-12-28 04:32:13.064640"
23,1,WorldDb::Model::Country,23,"2017-12-28 04:32:13.074572","2017-12-28 04:32:13.074572"
24,1,WorldDb::Model::Country,24,"2017-12-28 04:32:13.086444","2017-12-28 04:32:13.086444"
25,1,WorldDb::Model::Country,25,"2017-12-28 04:32:13.096861","2017-12-28 04:32:13.096861"
26,1,WorldDb::Model::Country,26,"2017-12-28 04:32:13.107310","2017-12-28 04:32:13.107310"
27,1,WorldDb::Model::Country,27,"2017-12-28 04:32:13.113265","2017-12-28 04:32:13.113265"
28,1,WorldDb::Model::Country,28,"2017-12-28 04:32:13.121058","2017-12-28 04:32:13.121058"
29,1,WorldDb::Model::Country,29,"2017-12-28 04:32:13.128145","2017-12-28 04:32:13.128145"
30,1,WorldDb::Model::Country,30,"2017-12-28 04:32:13.135888","2017-12-28 04:32:13.135888"
31,1,WorldDb::Model::Country,31,"2017-12-28 04:32:13.141132","2017-12-28 04:32:13.141132"
32,1,WorldDb::Model::Country,32,"2017-12-28 04:32:13.152785","2017-12-28 04:32:13.152785"
33,1,WorldDb::Model::Country,33,"2017-12-28 04:32:13.162513","2017-12-28 04:32:13.162513"
34,1,WorldDb::Model::Country,34,"2017-12-28 04:32:13.169762","2017-12-28 04:32:13.169762"
35,1,WorldDb::Model::Country,35,"2017-12-28 04:32:13.178221","2017-12-28 04:32:13.178221"
36,1,WorldDb::Model::Country,36,"2017-12-28 04:32:13.189738","2017-12-28 04:32:13.189738"
37,1,WorldDb::Model::Country,37,"2017-12-28 04:32:13.205307","2017-12-28 04:32:13.205307"
38,1,WorldDb::Model::Country,38,"2017-12-28 04:32:13.216932","2017-12-28 04:32:13.216932"
39,1,WorldDb::Model::Country,39,"2017-12-28 04:32:13.226339","2017-12-28 04:32:13.226339"
40,1,WorldDb::Model::Country,40,"2017-12-28 04:32:13.238554","2017-12-28 04:32:13.238554"
41,1,WorldDb::Model::Country,41,"2017-12-28 04:32:13.250187","2017-12-28 04:32:13.250187"
42,1,WorldDb::Model::Country,42,"2017-12-28 04:32:13.256827","2017-12-28 04:32:13.256827"
43,1,WorldDb::Model::Country,43,"2017-12-28 04:32:13.263750","2017-12-28 04:32:13.263750"
44,1,WorldDb::Model::Country,44,"2017-12-28 04:32:13.271122","2017-12-28 04:32:13.271122"
45,1,WorldDb::Model::Country,45,"2017-12-28 04:32:13.281688","2017-12-28 04:32:13.281688"
46,1,WorldDb::Model::Country,46,"2017-12-28 04:32:13.296252","2017-12-28 04:32:13.296252"
47,1,WorldDb::Model::Country,47,"2017-12-28 04:32:13.312631","2017-12-28 04:32:13.312631"
48,1,WorldDb::Model::Country,48,"2017-12-28 04:32:13.329333","2017-12-28 04:32:13.329333"
49,1,WorldDb::Model::Country,49,"2017-12-28 04:32:13.339682","2017-12-28 04:32:13.339682"
50,1,WorldDb::Model::Country,50,"2017-12-28 04:32:13.355573","2017-12-28 04:32:13.355573"
51,1,WorldDb::Model::Country,51,"2017-12-28 04:32:13.363752","2017-12-28 04:32:13.363752"
52,1,WorldDb::Model::Country,52,"2017-12-28 04:32:13.376622","2017-12-28 04:32:13.376622"
53,1,WorldDb::Model::Country,53,"2017-12-28 04:32:13.389490","2017-12-28 04:32:13.389490"
54,1,WorldDb::Model::Country,54,"2017-12-28 04:32:13.400533","2017-12-28 04:32:13.400533"
55,2,WorldDb::Model::Country,55,"2017-12-28 04:32:13.407746","2017-12-28 04:32:13.407746"
56,3,WorldDb::Model::Country,56,"2017-12-28 04:32:13.420911","2017-12-28 04:32:13.420911"
57,3,WorldDb::Model::Country,57,"2017-12-28 04:32:13.430347","2017-12-28 04:32:13.430347"
58,3,WorldDb::Model::Country,58,"2017-12-28 04:32:13.440488","2017-12-28 04:32:13.440488"
59,3,WorldDb::Model::Country,59,"2017-12-28 04:32:13.452374","2017-12-28 04:32:13.452374"
60,3,WorldDb::Model::Country,60,"2017-12-28 04:32:13.461333","2017-12-28 04:32:13.461333"
61,3,WorldDb::Model::Country,61,"2017-12-28 04:32:13.471303","2017-12-28 04:32:13.471303"
62,3,WorldDb::Model::Country,62,"2017-12-28 04:32:13.480308","2017-12-28 04:32:13.480308"
63,3,WorldDb::Model::Country,63,"2017-12-28 04:32:13.489948","2017-12-28 04:32:13.489948"
64,3,WorldDb::Model::Country,64,"2017-12-28 04:32:13.499492","2017-12-28 04:32:13.499492"
65,3,WorldDb::Model::Country,65,"2017-12-28 04:32:13.507965","2017-12-28 04:32:13.507965"
66,3,WorldDb::Model::Country,66,"2017-12-28 04:32:13.518883","2017-12-28 04:32:13.518883"
67,3,WorldDb::Model::Country,67,"2017-12-28 04:32:13.527306","2017-12-28 04:32:13.527306"
68,3,WorldDb::Model::Country,68,"2017-12-28 04:32:13.536844","2017-12-28 04:32:13.536844"
69,3,WorldDb::Model::Country,69,"2017-12-28 04:32:13.545530","2017-12-28 04:32:13.545530"
70,3,WorldDb::Model::Country,70,"2017-12-28 04:32:13.555367","2017-12-28 04:32:13.555367"
71,3,WorldDb::Model::Country,71,"2017-12-28 04:32:13.564282","2017-12-28 04:32:13.564282"
72,3,WorldDb::Model::Country,72,"2017-12-28 04:32:13.573229","2017-12-28 04:32:13.573229"
73,3,WorldDb::Model::Country,73,"2017-12-28 04:32:13.582720","2017-12-28 04:32:13.582720"
74,3,WorldDb::Model::Country,74,"2017-12-28 04:32:13.590617","2017-12-28 04:32:13.590617"
75,3,WorldDb::Model::Country,75,"2017-12-28 04:32:13.599285","2017-12-28 04:32:13.599285"
76,3,WorldDb::Model::Country,76,"2017-12-28 04:32:13.612149","2017-12-28 04:32:13.612149"
77,3,WorldDb::Model::Country,77,"2017-12-28 04:32:13.622268","2017-12-28 04:32:13.622268"
78,3,WorldDb::Model::Country,78,"2017-12-28 04:32:13.631653","2017-12-28 04:32:13.631653"
79,3,WorldDb::Model::Country,79,"2017-12-28 04:32:13.640031","2017-12-28 04:32:13.640031"
80,3,WorldDb::Model::Country,80,"2017-12-28 04:32:13.650209","2017-12-28 04:32:13.650209"
81,3,WorldDb::Model::Country,81,"2017-12-28 04:32:13.658465","2017-12-28 04:32:13.658465"
82,3,WorldDb::Model::Country,82,"2017-12-28 04:32:13.667906","2017-12-28 04:32:13.667906"
83,3,WorldDb::Model::Country,83,"2017-12-28 04:32:13.675966","2017-12-28 04:32:13.675966"
84,3,WorldDb::Model::Country,84,"2017-12-28 04:32:13.687247","2017-12-28 04:32:13.687247"
85,3,WorldDb::Model::Country,85,"2017-12-28 04:32:13.696097","2017-12-28 04:32:13.696097"
86,4,WorldDb::Model::Country,86,"2017-12-28 04:32:13.702856","2017-12-28 04:32:13.702856"
87,4,WorldDb::Model::Country,87,"2017-12-28 04:32:13.707772","2017-12-28 04:32:13.707772"
88,4,WorldDb::Model::Country,88,"2017-12-28 04:32:13.715063","2017-12-28 04:32:13.715063"
89,4,WorldDb::Model::Country,89,"2017-12-28 04:32:13.723294","2017-12-28 04:32:13.723294"
90,4,WorldDb::Model::Country,90,"2017-12-28 04:32:13.731945","2017-12-28 04:32:13.731945"
91,4,WorldDb::Model::Country,91,"2017-12-28 04:32:13.740198","2017-12-28 04:32:13.740198"
92,4,WorldDb::Model::Country,92,"2017-12-28 04:32:13.750902","2017-12-28 04:32:13.750902"
93,4,WorldDb::Model::Country,93,"2017-12-28 04:32:13.759149","2017-12-28 04:32:13.759149"
94,4,WorldDb::Model::Country,94,"2017-12-28 04:32:13.769165","2017-12-28 04:32:13.769165"
95,4,WorldDb::Model::Country,95,"2017-12-28 04:32:13.778501","2017-12-28 04:32:13.778501"
96,4,WorldDb::Model::Country,96,"2017-12-28 04:32:13.788086","2017-12-28 04:32:13.788086"
97,4,WorldDb::Model::Country,97,"2017-12-28 04:32:13.796859","2017-12-28 04:32:13.796859"
98,4,WorldDb::Model::Country,98,"2017-12-28 04:32:13.805345","2017-12-28 04:32:13.805345"
99,5,WorldDb::Model::Country,99,"2017-12-28 04:32:13.817225","2017-12-28 04:32:13.817225"
100,5,WorldDb::Model::Country,100,"2017-12-28 04:32:13.826020","2017-12-28 04:32:13.826020"
101,5,WorldDb::Model::Country,101,"2017-12-28 04:32:13.834932","2017-12-28 04:32:13.834932"
102,5,WorldDb::Model::Country,102,"2017-12-28 04:32:13.844781","2017-12-28 04:32:13.844781"
103,5,WorldDb::Model::Country,103,"2017-12-28 04:32:13.854378","2017-12-28 04:32:13.854378"
104,5,WorldDb::Model::Country,104,"2017-12-28 04:32:13.863160","2017-12-28 04:32:13.863160"
105,5,WorldDb::Model::Country,105,"2017-12-28 04:32:13.871443","2017-12-28 04:32:13.871443"
106,6,WorldDb::Model::Country,106,"2017-12-28 04:32:13.879141","2017-12-28 04:32:13.879141"
107,7,WorldDb::Model::Country,106,"2017-12-28 04:32:13.883579","2017-12-28 04:32:13.883579"
108,6,WorldDb::Model::Country,107,"2017-12-28 04:32:13.892366","2017-12-28 04:32:13.892366"
109,6,WorldDb::Model::Country,108,"2017-12-28 04:32:13.901819","2017-12-28 04:32:13.901819"
110,6,WorldDb::Model::Country,109,"2017-12-28 04:32:13.911554","2017-12-28 04:32:13.911554"
111,6,WorldDb::Model::Country,110,"2017-12-28 04:32:13.921187","2017-12-28 04:32:13.921187"
112,6,WorldDb::Model::Country,111,"2017-12-28 04:32:13.929715","2017-12-28 04:32:13.929715"
113,6,WorldDb::Model::Country,112,"2017-12-28 04:32:13.938762","2017-12-28 04:32:13.938762"
114,6,WorldDb::Model::Country,113,"2017-12-28 04:32:13.951223","2017-12-28 04:32:13.951223"
115,6,WorldDb::Model::Country,114,"2017-12-28 04:32:13.961404","2017-12-28 04:32:13.961404"
116,6,WorldDb::Model::Country,115,"2017-12-28 04:32:13.971198","2017-12-28 04:32:13.971198"
117,6,WorldDb::Model::Country,116,"2017-12-28 04:32:13.981050","2017-12-28 04:32:13.981050"
118,6,WorldDb::Model::Country,117,"2017-12-28 04:32:13.987190","2017-12-28 04:32:13.987190"
119,6,WorldDb::Model::Country,118,"2017-12-28 04:32:13.992661","2017-12-28 04:32:13.992661"
120,6,WorldDb::Model::Country,119,"2017-12-28 04:32:13.998589","2017-12-28 04:32:13.998589"
121,6,WorldDb::Model::Country,120,"2017-12-28 04:32:14.005270","2017-12-28 04:32:14.005270"
122,6,WorldDb::Model::Country,121,"2017-12-28 04:32:14.010448","2017-12-28 04:32:14.010448"
123,6,WorldDb::Model::Country,122,"2017-12-28 04:32:14.018062","2017-12-28 04:32:14.018062"
124,6,WorldDb::Model::Country,123,"2017-12-28 04:32:14.023469","2017-12-28 04:32:14.023469"
125,6,WorldDb::Model::Country,124,"2017-12-28 04:32:14.029486","2017-12-28 04:32:14.029486"
126,6,WorldDb::Model::Country,125,"2017-12-28 04:32:14.035073","2017-12-28 04:32:14.035073"
127,6,WorldDb::Model::Country,126,"2017-12-28 04:32:14.040467","2017-12-28 04:32:14.040467"
128,6,WorldDb::Model::Country,127,"2017-12-28 04:32:14.045752","2017-12-28 04:32:14.045752"
129,6,WorldDb::Model::Country,128,"2017-12-28 04:32:14.051023","2017-12-28 04:32:14.051023"
130,6,WorldDb::Model::Country,129,"2017-12-28 04:32:14.056886","2017-12-28 04:32:14.056886"
131,6,WorldDb::Model::Country,130,"2017-12-28 04:32:14.062359","2017-12-28 04:32:14.062359"
132,6,WorldDb::Model::Country,131,"2017-12-28 04:32:14.069450","2017-12-28 04:32:14.069450"
133,6,WorldDb::Model::Country,132,"2017-12-28 04:32:14.074947","2017-12-28 04:32:14.074947"
134,6,WorldDb::Model::Country,133,"2017-12-28 04:32:14.081165","2017-12-28 04:32:14.081165"
135,6,WorldDb::Model::Country,134,"2017-12-28 04:32:14.086319","2017-12-28 04:32:14.086319"
136,6,WorldDb::Model::Country,135,"2017-12-28 04:32:14.091504","2017-12-28 04:32:14.091504"
137,6,WorldDb::Model::Country,136,"2017-12-28 04:32:14.096892","2017-12-28 04:32:14.096892"
138,6,WorldDb::Model::Country,137,"2017-12-28 04:32:14.102108","2017-12-28 04:32:14.102108"
139,6,WorldDb::Model::Country,138,"2017-12-28 04:32:14.107298","2017-12-28 04:32:14.107298"
140,6,WorldDb::Model::Country,139,"2017-12-28 04:32:14.112379","2017-12-28 04:32:14.112379"
141,6,WorldDb::Model::Country,140,"2017-12-28 04:32:14.117552","2017-12-28 04:32:14.117552"
142,6,WorldDb::Model::Country,141,"2017-12-28 04:32:14.122593","2017-12-28 04:32:14.122593"
143,6,WorldDb::Model::Country,142,"2017-12-28 04:32:14.127640","2017-12-28 04:32:14.127640"
144,6,WorldDb::Model::Country,143,"2017-12-28 04:32:14.132711","2017-12-28 04:32:14.132711"
145,6,WorldDb::Model::Country,144,"2017-12-28 04:32:14.137706","2017-12-28 04:32:14.137706"
146,6,WorldDb::Model::Country,145,"2017-12-28 04:32:14.142805","2017-12-28 04:32:14.142805"
147,6,WorldDb::Model::Country,146,"2017-12-28 04:32:14.151427","2017-12-28 04:32:14.151427"
148,6,WorldDb::Model::Country,147,"2017-12-28 04:32:14.160250","2017-12-28 04:32:14.160250"
149,6,WorldDb::Model::Country,148,"2017-12-28 04:32:14.170453","2017-12-28 04:32:14.170453"
150,6,WorldDb::Model::Country,149,"2017-12-28 04:32:14.180959","2017-12-28 04:32:14.180959"
151,6,WorldDb::Model::Country,150,"2017-12-28 04:32:14.190257","2017-12-28 04:32:14.190257"
152,6,WorldDb::Model::Country,151,"2017-12-28 04:32:14.199595","2017-12-28 04:32:14.199595"
153,6,WorldDb::Model::Country,152,"2017-12-28 04:32:14.209053","2017-12-28 04:32:14.209053"
154,6,WorldDb::Model::Country,153,"2017-12-28 04:32:14.215377","2017-12-28 04:32:14.215377"
155,6,WorldDb::Model::Country,154,"2017-12-28 04:32:14.220759","2017-12-28 04:32:14.220759"
156,6,WorldDb::Model::Country,155,"2017-12-28 04:32:14.229644","2017-12-28 04:32:14.229644"
157,8,WorldDb::Model::Country,156,"2017-12-28 04:32:14.239945","2017-12-28 04:32:14.239945"
158,8,WorldDb::Model::Country,157,"2017-12-28 04:32:14.249936","2017-12-28 04:32:14.249936"
159,8,WorldDb::Model::Country,158,"2017-12-28 04:32:14.257706","2017-12-28 04:32:14.257706"
160,8,WorldDb::Model::Country,159,"2017-12-28 04:32:14.267022","2017-12-28 04:32:14.267022"
161,8,WorldDb::Model::Country,160,"2017-12-28 04:32:14.279392","2017-12-28 04:32:14.279392"
162,8,WorldDb::Model::Country,161,"2017-12-28 04:32:14.289324","2017-12-28 04:32:14.289324"
163,8,WorldDb::Model::Country,162,"2017-12-28 04:32:14.298250","2017-12-28 04:32:14.298250"
164,8,WorldDb::Model::Country,163,"2017-12-28 04:32:14.307764","2017-12-28 04:32:14.307764"
165,8,WorldDb::Model::Country,164,"2017-12-28 04:32:14.318310","2017-12-28 04:32:14.318310"
166,8,WorldDb::Model::Country,165,"2017-12-28 04:32:14.326596","2017-12-28 04:32:14.326596"
167,8,WorldDb::Model::Country,166,"2017-12-28 04:32:14.335495","2017-12-28 04:32:14.335495"
168,8,WorldDb::Model::Country,167,"2017-12-28 04:32:14.342003","2017-12-28 04:32:14.342003"
169,8,WorldDb::Model::Country,168,"2017-12-28 04:32:14.351470","2017-12-28 04:32:14.351470"
170,8,WorldDb::Model::Country,169,"2017-12-28 04:32:14.360061","2017-12-28 04:32:14.360061"
171,9,WorldDb::Model::Country,170,"2017-12-28 04:32:14.367011","2017-12-28 04:32:14.367011"
172,9,WorldDb::Model::Country,171,"2017-12-28 04:32:14.373322","2017-12-28 04:32:14.373322"
173,9,WorldDb::Model::Country,172,"2017-12-28 04:32:14.378324","2017-12-28 04:32:14.378324"
174,10,WorldDb::Model::Country,173,"2017-12-28 04:32:14.389042","2017-12-28 04:32:14.389042"
175,10,WorldDb::Model::Country,174,"2017-12-28 04:32:14.397980","2017-12-28 04:32:14.397980"
176,10,WorldDb::Model::Country,175,"2017-12-28 04:32:14.407514","2017-12-28 04:32:14.407514"
177,10,WorldDb::Model::Country,176,"2017-12-28 04:32:14.416804","2017-12-28 04:32:14.416804"
178,10,WorldDb::Model::Country,177,"2017-12-28 04:32:14.425101","2017-12-28 04:32:14.425101"
179,10,WorldDb::Model::Country,178,"2017-12-28 04:32:14.434873","2017-12-28 04:32:14.434873"
180,10,WorldDb::Model::Country,179,"2017-12-28 04:32:14.443641","2017-12-28 04:32:14.443641"
181,10,WorldDb::Model::Country,180,"2017-12-28 04:32:14.453261","2017-12-28 04:32:14.453261"
182,10,WorldDb::Model::Country,181,"2017-12-28 04:32:14.462012","2017-12-28 04:32:14.462012"
183,10,WorldDb::Model::Country,182,"2017-12-28 04:32:14.471797","2017-12-28 04:32:14.471797"
184,10,WorldDb::Model::Country,183,"2017-12-28 04:32:14.480302","2017-12-28 04:32:14.480302"
185,10,WorldDb::Model::Country,184,"2017-12-28 04:32:14.489259","2017-12-28 04:32:14.489259"
186,10,WorldDb::Model::Country,185,"2017-12-28 04:32:14.498530","2017-12-28 04:32:14.498530"
187,10,WorldDb::Model::Country,186,"2017-12-28 04:32:14.507916","2017-12-28 04:32:14.507916"
188,11,WorldDb::Model::Country,187,"2017-12-28 04:32:14.519951","2017-12-28 04:32:14.519951"
189,11,WorldDb::Model::Country,188,"2017-12-28 04:32:14.528589","2017-12-28 04:32:14.528589"
190,11,WorldDb::Model::Country,189,"2017-12-28 04:32:14.538245","2017-12-28 04:32:14.538245"
191,11,WorldDb::Model::Country,190,"2017-12-28 04:32:14.546492","2017-12-28 04:32:14.546492"
192,11,WorldDb::Model::Country,191,"2017-12-28 04:32:14.555828","2017-12-28 04:32:14.555828"
193,11,WorldDb::Model::Country,192,"2017-12-28 04:32:14.566139","2017-12-28 04:32:14.566139"
194,11,WorldDb::Model::Country,193,"2017-12-28 04:32:14.574706","2017-12-28 04:32:14.574706"
195,11,WorldDb::Model::Country,194,"2017-12-28 04:32:14.584552","2017-12-28 04:32:14.584552"
196,11,WorldDb::Model::Country,195,"2017-12-28 04:32:14.592796","2017-12-28 04:32:14.592796"
197,11,WorldDb::Model::Country,196,"2017-12-28 04:32:14.602743","2017-12-28 04:32:14.602743"
198,11,WorldDb::Model::Country,197,"2017-12-28 04:32:14.612922","2017-12-28 04:32:14.612922"
199,11,WorldDb::Model::Country,198,"2017-12-28 04:32:14.622337","2017-12-28 04:32:14.622337"
200,1,WorldDb::Model::Country,199,"2017-12-28 04:32:14.633507","2017-12-28 04:32:14.633507"
201,12,WorldDb::Model::Country,199,"2017-12-28 04:32:14.636584","2017-12-28 04:32:14.636584"
202,1,WorldDb::Model::Country,200,"2017-12-28 04:32:14.641966","2017-12-28 04:32:14.641966"
203,12,WorldDb::Model::Country,200,"2017-12-28 04:32:14.643950","2017-12-28 04:32:14.643950"
204,1,WorldDb::Model::Country,201,"2017-12-28 04:32:14.653968","2017-12-28 04:32:14.653968"
205,12,WorldDb::Model::Country,201,"2017-12-28 04:32:14.655889","2017-12-28 04:32:14.655889"
206,2,WorldDb::Model::Country,202,"2017-12-28 04:32:14.662886","2017-12-28 04:32:14.662886"
207,12,WorldDb::Model::Country,202,"2017-12-28 04:32:14.666321","2017-12-28 04:32:14.666321"
208,2,WorldDb::Model::Country,203,"2017-12-28 04:32:14.675028","2017-12-28 04:32:14.675028"
209,12,WorldDb::Model::Country,203,"2017-12-28 04:32:14.677299","2017-12-28 04:32:14.677299"
210,2,WorldDb::Model::Country,204,"2017-12-28 04:32:14.682751","2017-12-28 04:32:14.682751"
211,12,WorldDb::Model::Country,204,"2017-12-28 04:32:14.684722","2017-12-28 04:32:14.684722"
212,2,WorldDb::Model::Country,205,"2017-12-28 04:32:14.693461","2017-12-28 04:32:14.693461"
213,12,WorldDb::Model::Country,205,"2017-12-28 04:32:14.696641","2017-12-28 04:32:14.696641"
214,3,WorldDb::Model::Country,206,"2017-12-28 04:32:14.703587","2017-12-28 04:32:14.703587"
215,12,WorldDb::Model::Country,206,"2017-12-28 04:32:14.705631","2017-12-28 04:32:14.705631"
216,3,WorldDb::Model::Country,207,"2017-12-28 04:32:14.711488","2017-12-28 04:32:14.711488"
217,12,WorldDb::Model::Country,207,"2017-12-28 04:32:14.713595","2017-12-28 04:32:14.713595"
218,3,WorldDb::Model::Country,208,"2017-12-28 04:32:14.722149","2017-12-28 04:32:14.722149"
219,12,WorldDb::Model::Country,208,"2017-12-28 04:32:14.724080","2017-12-28 04:32:14.724080"
220,3,WorldDb::Model::Country,209,"2017-12-28 04:32:14.735338","2017-12-28 04:32:14.735338"
221,12,WorldDb::Model::Country,209,"2017-12-28 04:32:14.737263","2017-12-28 04:32:14.737263"
222,3,WorldDb::Model::Country,210,"2017-12-28 04:32:14.746169","2017-12-28 04:32:14.746169"
223,12,WorldDb::Model::Country,210,"2017-12-28 04:32:14.748336","2017-12-28 04:32:14.748336"
224,4,WorldDb::Model::Country,211,"2017-12-28 04:32:14.754029","2017-12-28 04:32:14.754029"
225,12,WorldDb::Model::Country,211,"2017-12-28 04:32:14.756015","2017-12-28 04:32:14.756015"
226,4,WorldDb::Model::Country,212,"2017-12-28 04:32:14.768478","2017-12-28 04:32:14.768478"
227,12,WorldDb::Model::Country,212,"2017-12-28 04:32:14.770408","2017-12-28 04:32:14.770408"
228,4,WorldDb::Model::Country,213,"2017-12-28 04:32:14.775676","2017-12-28 04:32:14.775676"
229,12,WorldDb::Model::Country,213,"2017-12-28 04:32:14.778095","2017-12-28 04:32:14.778095"
230,4,WorldDb::Model::Country,214,"2017-12-28 04:32:14.783513","2017-12-28 04:32:14.783513"
231,12,WorldDb::Model::Country,214,"2017-12-28 04:32:14.785473","2017-12-28 04:32:14.785473"
232,4,WorldDb::Model::Country,215,"2017-12-28 04:32:14.790844","2017-12-28 04:32:14.790844"
233,12,WorldDb::Model::Country,215,"2017-12-28 04:32:14.793375","2017-12-28 04:32:14.793375"
234,4,WorldDb::Model::Country,216,"2017-12-28 04:32:14.803996","2017-12-28 04:32:14.803996"
235,12,WorldDb::Model::Country,216,"2017-12-28 04:32:14.805911","2017-12-28 04:32:14.805911"
236,4,WorldDb::Model::Country,217,"2017-12-28 04:32:14.815043","2017-12-28 04:32:14.815043"
237,12,WorldDb::Model::Country,217,"2017-12-28 04:32:14.817136","2017-12-28 04:32:14.817136"
238,4,WorldDb::Model::Country,218,"2017-12-28 04:32:14.825623","2017-12-28 04:32:14.825623"
239,12,WorldDb::Model::Country,218,"2017-12-28 04:32:14.828841","2017-12-28 04:32:14.828841"
240,4,WorldDb::Model::Country,219,"2017-12-28 04:32:14.838680","2017-12-28 04:32:14.838680"
241,12,WorldDb::Model::Country,219,"2017-12-28 04:32:14.840578","2017-12-28 04:32:14.840578"
242,4,WorldDb::Model::Country,220,"2017-12-28 04:32:14.849695","2017-12-28 04:32:14.849695"
243,12,WorldDb::Model::Country,220,"2017-12-28 04:32:14.851696","2017-12-28 04:32:14.851696"
244,4,WorldDb::Model::Country,221,"2017-12-28 04:32:14.863299","2017-12-28 04:32:14.863299"
245,12,WorldDb::Model::Country,221,"2017-12-28 04:32:14.866399","2017-12-28 04:32:14.866399"
246,4,WorldDb::Model::Country,222,"2017-12-28 04:32:14.874903","2017-12-28 04:32:14.874903"
247,12,WorldDb::Model::Country,222,"2017-12-28 04:32:14.877254","2017-12-28 04:32:14.877254"
248,4,WorldDb::Model::Country,223,"2017-12-28 04:32:14.885975","2017-12-28 04:32:14.885975"
249,12,WorldDb::Model::Country,223,"2017-12-28 04:32:14.888050","2017-12-28 04:32:14.888050"
250,4,WorldDb::Model::Country,224,"2017-12-28 04:32:14.899026","2017-12-28 04:32:14.899026"
251,12,WorldDb::Model::Country,224,"2017-12-28 04:32:14.901325","2017-12-28 04:32:14.901325"
252,6,WorldDb::Model::Country,225,"2017-12-28 04:32:14.907385","2017-12-28 04:32:14.907385"
253,12,WorldDb::Model::Country,225,"2017-12-28 04:32:14.909455","2017-12-28 04:32:14.909455"
254,6,WorldDb::Model::Country,226,"2017-12-28 04:32:14.915538","2017-12-28 04:32:14.915538"
255,12,WorldDb::Model::Country,226,"2017-12-28 04:32:14.917494","2017-12-28 04:32:14.917494"
256,6,WorldDb::Model::Country,227,"2017-12-28 04:32:14.923041","2017-12-28 04:32:14.923041"
257,12,WorldDb::Model::Country,227,"2017-12-28 04:32:14.925955","2017-12-28 04:32:14.925955"
258,6,WorldDb::Model::Country,228,"2017-12-28 04:32:14.935387","2017-12-28 04:32:14.935387"
259,12,WorldDb::Model::Country,228,"2017-12-28 04:32:14.937099","2017-12-28 04:32:14.937099"
260,6,WorldDb::Model::Country,229,"2017-12-28 04:32:14.945672","2017-12-28 04:32:14.945672"
261,12,WorldDb::Model::Country,229,"2017-12-28 04:32:14.947595","2017-12-28 04:32:14.947595"
262,6,WorldDb::Model::Country,230,"2017-12-28 04:32:14.953207","2017-12-28 04:32:14.953207"
263,12,WorldDb::Model::Country,230,"2017-12-28 04:32:14.955097","2017-12-28 04:32:14.955097"
264,6,WorldDb::Model::Country,231,"2017-12-28 04:32:14.962279","2017-12-28 04:32:14.962279"
265,12,WorldDb::Model::Country,231,"2017-12-28 04:32:14.964724","2017-12-28 04:32:14.964724"
266,6,WorldDb::Model::Country,232,"2017-12-28 04:32:14.970906","2017-12-28 04:32:14.970906"
267,12,WorldDb::Model::Country,232,"2017-12-28 04:32:14.972887","2017-12-28 04:32:14.972887"
268,6,WorldDb::Model::Country,233,"2017-12-28 04:32:14.978672","2017-12-28 04:32:14.978672"
269,12,WorldDb::Model::Country,233,"2017-12-28 04:32:14.980678","2017-12-28 04:32:14.980678"
270,6,WorldDb::Model::Country,234,"2017-12-28 04:32:14.986118","2017-12-28 04:32:14.986118"
271,12,WorldDb::Model::Country,234,"2017-12-28 04:32:14.988152","2017-12-28 04:32:14.988152"
272,9,WorldDb::Model::Country,235,"2017-12-28 04:32:14.993972","2017-12-28 04:32:14.993972"
273,12,WorldDb::Model::Country,235,"2017-12-28 04:32:14.995905","2017-12-28 04:32:14.995905"
274,9,WorldDb::Model::Country,236,"2017-12-28 04:32:15.001593","2017-12-28 04:32:15.001593"
275,12,WorldDb::Model::Country,236,"2017-12-28 04:32:15.003818","2017-12-28 04:32:15.003818"
276,9,WorldDb::Model::Country,237,"2017-12-28 04:32:15.012557","2017-12-28 04:32:15.012557"
277,12,WorldDb::Model::Country,237,"2017-12-28 04:32:15.016916","2017-12-28 04:32:15.016916"
278,10,WorldDb::Model::Country,238,"2017-12-28 04:32:15.023716","2017-12-28 04:32:15.023716"
279,12,WorldDb::Model::Country,238,"2017-12-28 04:32:15.025584","2017-12-28 04:32:15.025584"
280,10,WorldDb::Model::Country,239,"2017-12-28 04:32:15.036127","2017-12-28 04:32:15.036127"
281,12,WorldDb::Model::Country,239,"2017-12-28 04:32:15.038058","2017-12-28 04:32:15.038058"
282,10,WorldDb::Model::Country,240,"2017-12-28 04:32:15.043873","2017-12-28 04:32:15.043873"
283,12,WorldDb::Model::Country,240,"2017-12-28 04:32:15.045993","2017-12-28 04:32:15.045993"
284,10,WorldDb::Model::Country,241,"2017-12-28 04:32:15.052600","2017-12-28 04:32:15.052600"
285,12,WorldDb::Model::Country,241,"2017-12-28 04:32:15.054570","2017-12-28 04:32:15.054570"
286,10,WorldDb::Model::Country,242,"2017-12-28 04:32:15.059662","2017-12-28 04:32:15.059662"
287,12,WorldDb::Model::Country,242,"2017-12-28 04:32:15.061755","2017-12-28 04:32:15.061755"
288,10,WorldDb::Model::Country,243,"2017-12-28 04:32:15.071477","2017-12-28 04:32:15.071477"
289,12,WorldDb::Model::Country,243,"2017-12-28 04:32:15.073425","2017-12-28 04:32:15.073425"
290,10,WorldDb::Model::Country,244,"2017-12-28 04:32:15.079084","2017-12-28 04:32:15.079084"
291,12,WorldDb::Model::Country,244,"2017-12-28 04:32:15.081309","2017-12-28 04:32:15.081309"
292,10,WorldDb::Model::Country,245,"2017-12-28 04:32:15.091109","2017-12-28 04:32:15.091109"
293,12,WorldDb::Model::Country,245,"2017-12-28 04:32:15.093145","2017-12-28 04:32:15.093145"
294,10,WorldDb::Model::Country,246,"2017-12-28 04:32:15.102973","2017-12-28 04:32:15.102973"
295,12,WorldDb::Model::Country,246,"2017-12-28 04:32:15.105060","2017-12-28 04:32:15.105060"
296,10,WorldDb::Model::Country,247,"2017-12-28 04:32:15.114663","2017-12-28 04:32:15.114663"
297,12,WorldDb::Model::Country,247,"2017-12-28 04:32:15.117263","2017-12-28 04:32:15.117263"
298,10,WorldDb::Model::Country,248,"2017-12-28 04:32:15.125870","2017-12-28 04:32:15.125870"
299,12,WorldDb::Model::Country,248,"2017-12-28 04:32:15.127868","2017-12-28 04:32:15.127868"
300,11,WorldDb::Model::Country,249,"2017-12-28 04:32:15.137963","2017-12-28 04:32:15.137963"
301,12,WorldDb::Model::Country,249,"2017-12-28 04:32:15.139933","2017-12-28 04:32:15.139933"
302,11,WorldDb::Model::Country,250,"2017-12-28 04:32:15.150426","2017-12-28 04:32:15.150426"
303,12,WorldDb::Model::Country,250,"2017-12-28 04:32:15.152473","2017-12-28 04:32:15.152473"
